0.03998400639744103,2500,99.96001599360257,0,54,0,Zone 0
0,0,0,0,0,0,Zone 1
0,0,0,0,0,0,Zone 2
0,0,0,0,0,0,Zone 3
0,0,0,0,0,0,Zone 4
0,0,0,0,0,0,Collection Zone
0.03998400639744103,2500,99.96001599360257,0,95,0,Zone 0
0,0,0,0,0,0,Zone 1
0,0,0,0,0,0,Zone 2
0,0,0,0,0,0,Zone 3
0,0,0,0,0,0,Zone 4
0,0,0,0,0,0,Collection Zone
0.03998400639744103,2500,99.96001599360257,0,150,0,Zone 0
0,0,0,0,0,0,Zone 1
0,0,0,0,0,0,Zone 2
0,0,0,0,0,0,Zone 3
0,0,0,0,0,0,Zone 4
0,0,0,0,0,0,Collection Zone
0.07996801279488205,2500,199.92003198720514,0,205,0,Zone 0
0,0,0,0,0,0,Zone 1
0,0,0,0,0,0,Zone 2
0,0,0,0,0,0,Zone 3
0,0,0,0,0,0,Zone 4
0,0,0,0,0,0,Collection Zone
0.11995201919232307,2500,299.88004798080766,0,241,0,Zone 0
0,0,0,0,0,0,Zone 1
0,0,0,0,0,0,Zone 2
0,0,0,0,0,0,Zone 3
0,0,0,0,0,0,Zone 4
0,0,0,0,0,0,Collection Zone
0.11995201919232307,2500,299.88004798080766,0,301,0,Zone 0
0,0,0,0,0,0,Zone 1
0,0,0,0,0,0,Zone 2
0,0,0,0,0,0,Zone 3
0,0,0,0,0,0,Zone 4
0,0,0,0,0,0,Collection Zone
0.11995201919232307,2500,299.88004798080766,0,354,0,Zone 0
0,0,0,0,0,0,Zone 1
0,0,0,0,0,0,Zone 2
0,0,0,0,0,0,Zone 3
0,0,0,0,0,0,Zone 4
0,0,0,0,0,0,Collection Zone
0.11995201919232307,2500,299.88004798080766,0,403,0,Zone 0
0,0,0,0,0,0,Zone 1
0,0,0,0,0,0,Zone 2
0,0,0,0,0,0,Zone 3
0,0,0,0,0,0,Zone 4
0,0,0,0,0,0,Collection Zone
0.11995201919232307,2500,299.88004798080766,0,453,0,Zone 0
0,0,0,0,0,0,Zone 1
0,0,0,0,0,0,Zone 2
0,0,0,0,0,0,Zone 3
0,0,0,0,0,0,Zone 4
0,0,0,0,0,0,Collection Zone
0.11995201919232307,2500,299.88004798080766,0,485,0,Zone 0
0,0,0,0,0,0,Zone 1
0,0,0,0,0,0,Zone 2
0,0,0,0,0,0,Zone 3
0,0,0,0,0,0,Zone 4
0,0,0,0,0,0,Collection Zone
0.11995201919232307,2500,299.88004798080766,0,527,0,Zone 0
0,0,0,0,0,0,Zone 1
0,0,0,0,0,0,Zone 2
0,0,0,0,0,0,Zone 3
0,0,0,0,0,0,Zone 4
0,0,0,0,0,0,Collection Zone
0.19992003198720512,2500,499.8000799680128,0,579,0,Zone 0
0,0,0,0,0,0,Zone 1
0,0,0,0,0,0,Zone 2
0,0,0,0,0,0,Zone 3
0,0,0,0,0,0,Zone 4
0,0,0,0,0,0,Collection Zone
0.19992003198720512,2500,499.8000799680128,0,630,0,Zone 0
0,0,0,0,0,0,Zone 1
0,0,0,0,0,0,Zone 2
0,0,0,0,0,0,Zone 3
0,0,0,0,0,0,Zone 4
0,0,0,0,0,0,Collection Zone
0.19992003198720512,2500,499.8000799680128,0,675,0,Zone 0
0,0,0,0,0,0,Zone 1
0,0,0,0,0,0,Zone 2
0,0,0,0,0,0,Zone 3
0,0,0,0,0,0,Zone 4
0,0,0,0,0,0,Collection Zone
0.19992003198720512,2500,499.8000799680128,0,723,0,Zone 0
0,0,0,0,0,0,Zone 1
0,0,0,0,0,0,Zone 2
0,0,0,0,0,0,Zone 3
0,0,0,0,0,0,Zone 4
0,0,0,0,0,0,Collection Zone
0.19992003198720512,2500,499.8000799680128,0,779,0,Zone 0
0,0,0,0,0,0,Zone 1
0,0,0,0,0,0,Zone 2
0,0,0,0,0,0,Zone 3
0,0,0,0,0,0,Zone 4
0,0,0,0,0,0,Collection Zone
0.19992003198720512,2500,499.8000799680128,0,839,0,Zone 0
0,0,0,0,0,0,Zone 1
0,0,0,0,0,0,Zone 2
0,0,0,0,0,0,Zone 3
0,0,0,0,0,0,Zone 4
0,0,0,0,0,0,Collection Zone
0.19992003198720512,2500,499.8000799680128,0,887,0,Zone 0
0,0,0,0,0,0,Zone 1
0,0,0,0,0,0,Zone 2
0,0,0,0,0,0,Zone 3
0,0,0,0,0,0,Zone 4
0,0,0,0,0,0,Collection Zone
0.23990403838464613,2500,599.7600959616153,0,945,0,Zone 0
0,0,0,0,0,0,Zone 1
0,0,0,0,0,0,Zone 2
0,0,0,0,0,0,Zone 3
0,0,0,0,0,0,Zone 4
0,0,0,0,0,0,Collection Zone
0.23990403838464613,2500,599.7600959616153,0,990,0,Zone 0
0,0,0,0,0,0,Zone 1
0,0,0,0,0,0,Zone 2
0,0,0,0,0,0,Zone 3
0,0,0,0,0,0,Zone 4
0,0,0,0,0,0,Collection Zone
0.23990403838464613,2500,599.7600959616153,0,1046,0,Zone 0
0,0,0,0,0,0,Zone 1
0,0,0,0,0,0,Zone 2
0,0,0,0,0,0,Zone 3
0,0,0,0,0,0,Zone 4
0,0,0,0,0,0,Collection Zone
0.23990403838464613,2500,599.7600959616153,0,1099,0,Zone 0
0,0,0,0,0,0,Zone 1
0,0,0,0,0,0,Zone 2
0,0,0,0,0,0,Zone 3
0,0,0,0,0,0,Zone 4
0,0,0,0,0,0,Collection Zone
0.23990403838464613,2500,599.7600959616153,0,1150,0,Zone 0
0,0,0,0,0,0,Zone 1
0,0,0,0,0,0,Zone 2
0,0,0,0,0,0,Zone 3
0,0,0,0,0,0,Zone 4
0,0,0,0,0,0,Collection Zone
0.2798880447820872,2500,699.7201119552179,0,1195,0,Zone 0
0,0,0,0,0,0,Zone 1
0,0,0,0,0,0,Zone 2
0,0,0,0,0,0,Zone 3
0,0,0,0,0,0,Zone 4
0,0,0,0,0,0,Collection Zone
0,0,0,0,1239,0,Zone 0
0.2798880447820872,2500,699.7201119552179,0,0,0,Zone 1
0,0,0,0,0,0,Zone 2
0,0,0,0,0,0,Zone 3
0,0,0,0,0,0,Zone 4
0,0,0,0,0,0,Collection Zone
0,0,0,0,1185,0,Zone 0
0.3198720511795282,2500,799.6801279488205,0,63,0,Zone 1
0,0,0,0,0,0,Zone 2
0,0,0,0,0,0,Zone 3
0,0,0,0,0,0,Zone 4
0,0,0,0,54,0,Collection Zone
0,0,0,0,1144,0,Zone 0
0.3598560575769692,2500,899.640143942423,0,124,0,Zone 1
0,0,0,0,0,0,Zone 2
0,0,0,0,0,0,Zone 3
0,0,0,0,0,0,Zone 4
0,0,0,0,95,0,Collection Zone
0,0,0,0,1089,0,Zone 0
0.3598560575769692,2500,899.640143942423,1.1299435028248588,176,198.87005649717514,Zone 1
0,0,0,0,0,0,Zone 2
0,0,0,0,0,0,Zone 3
0,0,0,0,0,0,Zone 4
0,0,0,0,150,0,Collection Zone
0,0,0,0,1034,0,Zone 0
0.3598560575769692,2500,899.640143942423,0.9009009009009009,221,199.0990990990991,Zone 1
0,0,0,0,0,0,Zone 2
0,0,0,0,0,0,Zone 3
0,0,0,0,0,0,Zone 4
0,0,0,0,205,0,Collection Zone
0,0,0,0,998,0,Zone 0
0.3598560575769692,2500,899.640143942423,1.094890510948905,273,298.9051094890511,Zone 1
0,0,0,0,0,0,Zone 2
0,0,0,0,0,0,Zone 3
0,0,0,0,0,0,Zone 4
0,0,0,0,241,0,Collection Zone
0,0,0,0,938,0,Zone 0
0.3598560575769692,2500,899.640143942423,0.8771929824561403,341,299.12280701754383,Zone 1
0,0,0,0,0,0,Zone 2
0,0,0,0,0,0,Zone 3
0,0,0,0,0,0,Zone 4
0,0,0,0,301,0,Collection Zone
0,0,0,0,885,0,Zone 0
0.3598560575769692,2500,899.640143942423,0.7633587786259541,392,299.23664122137404,Zone 1
0,0,0,0,0,0,Zone 2
0,0,0,0,0,0,Zone 3
0,0,0,0,0,0,Zone 4
0,0,0,0,354,0,Collection Zone
0,0,0,0,836,0,Zone 0
0.3598560575769692,2500,899.640143942423,0.6711409395973155,446,299.3288590604027,Zone 1
0,0,0,0,0,0,Zone 2
0,0,0,0,0,0,Zone 3
0,0,0,0,0,0,Zone 4
0,0,0,0,403,0,Collection Zone
0,0,0,0,786,0,Zone 0
0.3598560575769692,2500,899.640143942423,0.5976095617529881,501,299.40239043824704,Zone 1
0,0,0,0,0,0,Zone 2
0,0,0,0,0,0,Zone 3
0,0,0,0,0,0,Zone 4
0,0,0,0,453,0,Collection Zone
0,0,0,0,754,0,Zone 0
0.3598560575769692,2500,899.640143942423,0.718132854578097,556,399.2818671454219,Zone 1
0,0,0,0,0,0,Zone 2
0,0,0,0,0,0,Zone 3
0,0,0,0,0,0,Zone 4
0,0,0,0,485,0,Collection Zone
0,0,0,0,712,0,Zone 0
0.3598560575769692,2500,899.640143942423,0.6711409395973155,595,399.3288590604027,Zone 1
0,0,0,0,0,0,Zone 2
0,0,0,0,0,0,Zone 3
0,0,0,0,0,0,Zone 4
0,0,0,0,527,0,Collection Zone
0,0,0,0,660,0,Zone 0
0.39984006397441024,2500,999.6001599360256,0.7776049766718507,642,499.22239502332815,Zone 1
0,0,0,0,0,0,Zone 2
0,0,0,0,0,0,Zone 3
0,0,0,0,0,0,Zone 4
0,0,0,0,579,0,Collection Zone
0,0,0,0,609,0,Zone 0
0.39984006397441024,2500,999.6001599360256,0.7173601147776184,696,499.2826398852224,Zone 1
0,0,0,0,0,0,Zone 2
0,0,0,0,0,0,Zone 3
0,0,0,0,0,0,Zone 4
0,0,0,0,630,0,Collection Zone
0,0,0,0,564,0,Zone 0
0.39984006397441024,2500,999.6001599360256,0.6765899864682002,738,499.32341001353177,Zone 1
0,0,0,0,0,0,Zone 2
0,0,0,0,0,0,Zone 3
0,0,0,0,0,0,Zone 4
0,0,0,0,675,0,Collection Zone
0,0,0,0,516,0,Zone 0
0.4398240703718513,2500,1099.5601759296283,0.6377551020408163,783,499.36224489795916,Zone 1
0,0,0,0,0,0,Zone 2
0,0,0,0,0,0,Zone 3
0,0,0,0,0,0,Zone 4
0,0,0,0,723,0,Collection Zone
0,0,0,0,460,0,Zone 0
0.4398240703718513,2500,1099.5601759296283,0.5988023952095809,834,499.40119760479047,Zone 1
0,0,0,0,0,0,Zone 2
0,0,0,0,0,0,Zone 3
0,0,0,0,0,0,Zone 4
0,0,0,0,779,0,Collection Zone
0,0,0,0,400,0,Zone 0
0.4398240703718513,2500,1099.5601759296283,0.776914539400666,900,699.2230854605995,Zone 1
0,0,0,0,0,0,Zone 2
0,0,0,0,0,0,Zone 3
0,0,0,0,0,0,Zone 4
0,0,0,0,839,0,Collection Zone
0,0,0,0,352,0,Zone 0
0.47980807676929227,2500,1199.5201919232306,0.7306889352818371,957,699.2693110647181,Zone 1
0,0,0,0,0,0,Zone 2
0,0,0,0,0,0,Zone 3
0,0,0,0,0,0,Zone 4
0,0,0,0,887,0,Collection Zone
0,0,0,0,294,0,Zone 0
0.47980807676929227,2500,1199.5201919232306,0.6951340615690168,1006,699.3048659384309,Zone 1
0,0,0,0,0,0,Zone 2
0,0,0,0,0,0,Zone 3
0,0,0,0,0,0,Zone 4
0,0,0,0,945,0,Collection Zone
0,0,0,0,249,0,Zone 0
0.47980807676929227,2500,1199.5201919232306,0.7518796992481203,1063,799.2481203007518,Zone 1
0,0,0,0,0,0,Zone 2
0,0,0,0,0,0,Zone 3
0,0,0,0,0,0,Zone 4
0,0,0,0,990,0,Collection Zone
0,0,0,0,193,0,Zone 0
0.5197920831667333,2500,1299.4802079168333,0.7168458781362007,1115,799.2831541218638,Zone 1
0,0,0,0,0,0,Zone 2
0,0,0,0,0,0,Zone 3
0,0,0,0,0,0,Zone 4
0,0,0,0,1046,0,Collection Zone
0,0,0,0,140,0,Zone 0
0.5197920831667333,2500,1299.4802079168333,0.7679180887372014,1171,899.2320819112628,Zone 1
0,0,0,0,0,0,Zone 2
0,0,0,0,0,0,Zone 3
0,0,0,0,0,0,Zone 4
0,0,0,0,1099,0,Collection Zone
0,0,0,0,89,0,Zone 0
0.5597760895641744,2500,1399.4402239104359,0.7346938775510203,1224,899.2653061224489,Zone 1
0,0,0,0,0,0,Zone 2
0,0,0,0,0,0,Zone 3
0,0,0,0,0,0,Zone 4
0,0,0,0,1150,0,Collection Zone
0,0,0,0,44,0,Zone 0
0.5997600959616154,2500,1499.4002399040385,0.7053291536050157,1275,899.294670846395,Zone 1
0,0,0,0,0,0,Zone 2
0,0,0,0,0,0,Zone 3
0,0,0,0,0,0,Zone 4
0,0,0,0,1195,0,Collection Zone
0,0,0,0,0,0,Zone 0
0.6797281087564974,2500,1699.3202718912435,0.7501875468867216,1332,999.2498124531132,Zone 1
0,0,0,0,0,0,Zone 2
0,0,0,0,0,0,Zone 3
0,0,0,0,0,0,Zone 4
0,0,0,0,1239,0,Collection Zone
0,0,0,0,0,0,Zone 0
0.6797281087564974,2500,1699.3202718912435,0.7598784194528876,1315,999.2401215805472,Zone 1
0,0,0,0,0,0,Zone 2
0,0,0,0,0,0,Zone 3
0,0,0,0,0,0,Zone 4
0,0,0,0,1302,0,Collection Zone
0,0,0,0,0,0,Zone 0
0.6797281087564974,2500,1699.3202718912435,0.7662835249042145,1304,999.2337164750957,Zone 1
0,0,0,0,0,0,Zone 2
0,0,0,0,0,0,Zone 3
0,0,0,0,0,0,Zone 4
0,0,0,0,1363,0,Collection Zone
0,0,0,0,0,0,Zone 0
0.7197121151539384,2500,1799.280287884846,0.6823351023502654,1318,899.3176648976498,Zone 1
0,0,0,0,0,0,Zone 2
0,0,0,0,0,0,Zone 3
0,0,0,0,0,0,Zone 4
0,0,0,0.14124293785310735,1415,199.8587570621469,Collection Zone
0,0,0,0,0,0,Zone 0
0.7197121151539384,2500,1799.280287884846,0.6838905775075987,1315,899.3161094224923,Zone 1
0,0,0,0,0,0,Zone 2
0,0,0,0,0,0,Zone 3
0,0,0,0,0,0,Zone 4
0,0,0,0.13689253935660506,1460,199.8631074606434,Collection Zone
0,0,0,0,0,0,Zone 0
0.7996801279488205,2500,1999.2003198720513,0.6069802731411229,1317,799.3930197268588,Zone 1
0,0,0,0,0,0,Zone 2
0,0,0,0,0,0,Zone 3
0,0,0,0,0,0,Zone 4
0,0,0,0.19828155981493722,1512,299.8017184401851,Collection Zone
0,0,0,0,0,0,Zone 0
0.7996801279488205,2500,1999.2003198720513,0.6158583525789069,1298,799.3841416474211,Zone 1
0,0,0,0,0,0,Zone 2
0,0,0,0,0,0,Zone 3
0,0,0,0,0,0,Zone 4
0,0,0,0.18975332068311196,1580,299.8102466793169,Collection Zone
0,0,0,0,0,0,Zone 0
0.7996801279488205,2500,1999.2003198720513,0.6960556844547563,1292,899.3039443155451,Zone 1
0,0,0,0,0,0,Zone 2
0,0,0,0,0,0,Zone 3
0,0,0,0,0,0,Zone 4
0,0,0,0.1838235294117647,1631,299.81617647058823,Collection Zone
0,0,0,0,0,0,Zone 0
0.7996801279488205,2500,1999.2003198720513,0.6254886630179828,1278,799.374511336982,Zone 1
0,0,0,0,0,0,Zone 2
0,0,0,0,0,0,Zone 3
0,0,0,0,0,0,Zone 4
0,0,0,0.2372479240806643,1685,399.76275207591937,Collection Zone
0,0,0,0,0,0,Zone 0
0.7996801279488205,2500,1999.2003198720513,0.7036747458952306,1278,899.2963252541047,Zone 1
0,0,0,0,0,0,Zone 2
0,0,0,0,0,0,Zone 3
0,0,0,0,0,0,Zone 4
0,0,0,0.22975301550832855,1740,399.7702469844917,Collection Zone
0,0,0,0,0,0,Zone 0
0.7996801279488205,2500,1999.2003198720513,0.6299212598425197,1269,799.3700787401575,Zone 1
0,0,0,0,0,0,Zone 2
0,0,0,0,0,0,Zone 3
0,0,0,0,0,0,Zone 4
0,0,0,0.27839643652561247,1795,499.7216035634744,Collection Zone
0,0,0,0,0,0,Zone 0
0.7996801279488205,2500,1999.2003198720513,0.62402496099844,1281,799.3759750390016,Zone 1
0,0,0,0,0,0,Zone 2
0,0,0,0,0,0,Zone 3
0,0,0,0,0,0,Zone 4
0,0,0,0.2724795640326975,1834,499.7275204359672,Collection Zone
0,0,0,0,0,0,Zone 0
0.7996801279488205,2500,1999.2003198720513,0.5413766434648105,1292,699.4586233565352,Zone 1
0,0,0,0,0,0,Zone 2
0,0,0,0,0,0,Zone 3
0,0,0,0,0,0,Zone 4
0,0,0,0.3188097768331562,1881,599.6811902231668,Collection Zone
0,0,0,0,0,0,Zone 0
0.8396641343462616,2500,2099.160335865654,0.696594427244582,1291,899.3034055727553,Zone 1
0,0,0,0,0,0,Zone 2
0,0,0,0,0,0,Zone 3
0,0,0,0,0,0,Zone 4
0,0,0,0.30991735537190085,1935,599.6900826446281,Collection Zone
0,0,0,0,0,0,Zone 0
0.8796481407437026,2500,2199.1203518592565,0.7733952049497294,1292,999.2266047950503,Zone 1
0,0,0,0,0,0,Zone 2
0,0,0,0,0,0,Zone 3
0,0,0,0,0,0,Zone 4
0,0,0,0.3033367037411527,1977,599.6966632962589,Collection Zone
0,0,0,0,0,0,Zone 0
0.8796481407437026,2500,2199.1203518592565,0.7776049766718507,1285,999.2223950233281,Zone 1
0,0,0,0,0,0,Zone 2
0,0,0,0,0,0,Zone 3
0,0,0,0,0,0,Zone 4
0,0,0,0.2965892239248641,2022,599.7034107760752,Collection Zone
0,0,0,0,0,0,Zone 0
0.9196321471411436,2500,2299.080367852859,0.847457627118644,1297,1099.1525423728813,Zone 1
0,0,0,0,0,0,Zone 2
0,0,0,0,0,0,Zone 3
0,0,0,0,0,0,Zone 4
0,0,0,0.28929604628736744,2073,599.7107039537127,Collection Zone
0,0,0,0,0,0,Zone 0
0.9196321471411436,2500,2299.080367852859,0.7009345794392523,1283,899.2990654205607,Zone 1
0,0,0,0,0,0,Zone 2
0,0,0,0,0,0,Zone 3
0,0,0,0,0,0,Zone 4
0,0,0,0.3738317757009346,2139,799.6261682242991,Collection Zone
0,0,0,0,0,0,Zone 0
0.9596161535385845,2500,2399.0403838464613,0.78125,1279,999.21875,Zone 1
0,0,0,0,0,0,Zone 2
0,0,0,0,0,0,Zone 3
0,0,0,0,0,0,Zone 4
0,0,0,0.36413290851160673,2196,799.6358670914884,Collection Zone
0,0,0,0,0,0,Zone 0
0.9996001599360257,2500,2499.0003998400643,0.777000777000777,1286,999.2229992229992,Zone 1
0,0,0,0,0,0,Zone 2
0,0,0,0,0,0,Zone 3
0,0,0,0,0,0,Zone 4
0,0,0,0.3561887800534283,2245,799.6438112199465,Collection Zone
0,0,0,0,0,0,Zone 0
0.9996001599360257,2500,2499.0003998400643,0.7830853563038371,1276,999.2169146436962,Zone 1
0,0,0,0,0,0,Zone 2
0,0,0,0,0,0,Zone 3
0,0,0,0,0,0,Zone 4
0,0,0,0.39079461571862784,2302,899.6092053842813,Collection Zone
0,0,0,0,0,0,Zone 0
1.0795681727309077,2500,2698.920431827269,0.7109004739336493,1265,899.2890995260664,Zone 1
0,0,0,0,0,0,Zone 2
0,0,0,0,0,0,Zone 3
0,0,0,0,0,0,Zone 4
0,0,0,0.42462845010615713,2354,999.5753715498939,Collection Zone
0,0,0,0,0,0,Zone 0
1.1195521791283487,2500,2798.8804478208717,0.7949125596184419,1257,999.2050874403815,Zone 1
0,0,0,0,0,0,Zone 2
0,0,0,0,0,0,Zone 3
0,0,0,0,0,0,Zone 4
0,0,0,0.45624222314392365,2410,1099.543757776856,Collection Zone
0,0,0,0,0,0,Zone 0
3.218645948945616,900,2896.781354051054,0.7949125596184419,1257,999.2050874403815,Zone 1
0,1600,0,0,0,0,Zone 2
0,0,0,0,0,0,Zone 3
0,0,0,0,0,0,Zone 4
0,0,0,0.4464285714285714,2463,1099.5535714285713,Collection Zone
0,0,0,0,0,0,Zone 0
3.3296337402885685,900,2996.6703662597115,0.8994276369582993,1222,1099.1005723630417,Zone 1
0,1600,0,0,40,0,Zone 2
0,0,0,0,0,0,Zone 3
0,0,0,0,0,0,Zone 4
0,0,0,0.43737574552683894,2514,1099.5626242544731,Collection Zone
0,0,0,0,0,0,Zone 0
3.3296337402885685,900,2996.6703662597115,0.7588532883642496,1185,899.2411467116358,Zone 1
0,1600,0,0,67,0,Zone 2
0,0,0,0,0,0,Zone 3
0,0,0,0,0,0,Zone 4
0,0,0,0.505443234836703,2571,1299.4945567651632,Collection Zone
0,0,0,0,0,0,Zone 0
3.3296337402885685,900,2996.6703662597115,0.7738607050730868,1162,899.2261392949268,Zone 1
0,1600,0,0,94,0,Zone 2
0,0,0,0,0,0,Zone 3
0,0,0,0,0,0,Zone 4
0,0,0,0.4965622612681436,2617,1299.503437738732,Collection Zone
0,0,0,0,0,0,Zone 0
3.3296337402885685,900,2996.6703662597115,0.8857395925597875,1128,999.1142604074403,Zone 1
0,1600,0,0,129,0,Zone 2
0,0,0,0,0,0,Zone 3
0,0,0,0,0,0,Zone 4
0,0,0,0.4872563718140929,2667,1299.512743628186,Collection Zone
0,0,0,0,0,0,Zone 0
3.4406215316315207,900,3096.559378468369,0.8325624421831638,1080,899.1674375578169,Zone 1
0,1600,0,0,167,0,Zone 2
0,0,0,0,0,0,Zone 3
0,0,0,0,0,0,Zone 4
0,0,0,0.5120702267739575,2733,1399.487929773226,Collection Zone
0,0,0,0,0,0,Zone 0
3.551609322974473,900,3196.4483906770256,0.8490566037735849,1059,899.1509433962265,Zone 1
0,1600,0,0,194,0,Zone 2
0,0,0,0,0,0,Zone 3
0,0,0,0,0,0,Zone 4
0,0,0,0.5043227665706052,2775,1399.4956772334292,Collection Zone
0,0,0,0,0,0,Zone 0
3.551609322974473,900,3196.4483906770256,0.9689922480620154,1031,999.031007751938,Zone 1
0,1600,0,0,228,0,Zone 2
0,0,0,0,0,0,Zone 3
0,0,0,0,0,0,Zone 4
0,0,0,0.49469964664310956,2829,1399.505300353357,Collection Zone
0,0,0,0,0,0,Zone 0
3.551609322974473,900,3196.4483906770256,1.2072434607645874,993,1198.7927565392354,Zone 1
0,1600,0,0,255,0,Zone 2
0,0,0,0,0,0,Zone 3
0,0,0,0,0,0,Zone 4
0,0,0,0.48627995831886067,2878,1399.513720041681,Collection Zone
0,0,0,0,0,0,Zone 0
3.551609322974473,900,3196.4483906770256,1.1363636363636365,967,1098.8636363636365,Zone 1
0,1600,0,0,281,0,Zone 2
0,0,0,0,0,0,Zone 3
0,0,0,0,0,0,Zone 4
0,0,0,0.5129958960328317,2923,1499.4870041039671,Collection Zone
0,0,0,0,0,0,Zone 0
3.551609322974473,900,3196.4483906770256,1.1689691817215728,940,1098.8310308182784,Zone 1
0,1600,0,0,321,0,Zone 2
0,0,0,0,0,0,Zone 3
0,0,0,0,0,0,Zone 4
0,0,0,0.5060728744939271,2963,1499.4939271255062,Collection Zone
0,0,0,0,0,0,Zone 0
3.551609322974473,900,3196.4483906770256,1.3114754098360655,914,1198.6885245901638,Zone 1
0,1600,0,0,371,0,Zone 2
0,0,0,0,0,0,Zone 3
0,0,0,0,0,0,Zone 4
0,0,0,0.4968532626697582,3018,1499.5031467373303,Collection Zone
0,0,0,0,0,0,Zone 0
3.662597114317425,900,3296.337402885683,1.4689265536723164,884,1298.5310734463276,Zone 1
0,1600,0,0,405,0,Zone 2
0,0,0,0,0,0,Zone 3
0,0,0,0,0,0,Zone 4
0,0,0,0.48939641109298526,3064,1499.5106035889069,Collection Zone
0,0,0,0,0,0,Zone 0
3.662597114317425,900,3296.337402885683,1.627906976744186,859,1398.3720930232557,Zone 1
0,1600,0,0,431,0,Zone 2
0,0,0,0,0,0,Zone 3
0,0,0,0,0,0,Zone 4
0,0,0,0.4813863928112966,3115,1499.5186136071889,Collection Zone
0,0,0,0,0,0,Zone 0
3.662597114317425,900,3296.337402885683,1.701093560145808,822,1398.2989064398541,Zone 1
0,1600,0,0,474,0,Zone 2
0,0,0,0,0,0,Zone 3
0,0,0,0,0,0,Zone 4
0,0,0,0.4725897920604915,3173,1499.5274102079395,Collection Zone
0,0,0,0,0,0,Zone 0
3.884572697003329,900,3496.115427302996,1.7654476670870116,792,1398.2345523329132,Zone 1
0,1600,0,0,511,0,Zone 2
0,0,0,0,0,0,Zone 3
0,0,0,0,0,0,Zone 4
0,0,0,0.4958165478772854,3226,1599.5041834521228,Collection Zone
0,0,0,0,0,0,Zone 0
3.884572697003329,900,3496.115427302996,2.075226977950713,770,1597.924773022049,Zone 1
0,1600,0,0,535,0,Zone 2
0,0,0,0,0,0,Zone 3
0,0,0,0,0,0,Zone 4
0,0,0,0.5198776758409785,3269,1699.4801223241589,Collection Zone
0,0,0,0,0,0,Zone 0
3.884572697003329,900,3496.115427302996,2.14190093708166,746,1597.8580990629184,Zone 1
0,1600,0,0,567,0,Zone 2
0,0,0,0,0,0,Zone 3
0,0,0,0,0,0,Zone 4
0,0,0,0.5139056831922612,3307,1699.4860943168076,Collection Zone
0,0,0,0,0,0,Zone 0
3.884572697003329,900,3496.115427302996,2.282453637660485,700,1597.7175463623396,Zone 1
0,1600,0,0,593,0,Zone 2
0,0,0,0,0,0,Zone 3
0,0,0,0,0,0,Zone 4
0,0,0,0.5339661821417977,3370,1799.4660338178583,Collection Zone
0,0,0,0,0,0,Zone 0
3.9955604883462823,900,3596.0044395116543,2.4060150375939853,664,1597.5939849624062,Zone 1
0,1600,0,0,630,0,Zone 2
0,0,0,0,0,0,Zone 3
0,0,0,0,0,0,Zone 4
0,0,0,0.5550686532281625,3422,1899.444931346772,Collection Zone
0,0,0,0,0,0,Zone 0
3.9955604883462823,900,3596.0044395116543,2.7156549520766773,625,1697.2843450479234,Zone 1
0,1600,0,0,656,0,Zone 2
0,0,0,0,0,0,Zone 3
0,0,0,0,0,0,Zone 4
0,0,0,0.5466052934407365,3475,1899.4533947065593,Collection Zone
0,0,0,0,0,0,Zone 0
4.1065482796892345,900,3695.893451720311,2.9159519725557463,582,1697.0840480274444,Zone 1
0,1600,0,0,699,0,Zone 2
0,0,0,0,0,0,Zone 3
0,0,0,0,0,0,Zone 4
0,0,0,0.5379388448471121,3531,1899.4620611551527,Collection Zone
0,0,0,0,0,0,Zone 0
4.1065482796892345,900,3695.893451720311,2.872531418312388,556,1597.1274685816877,Zone 1
0,1600,0,0,734,0,Zone 2
0,0,0,0,0,0,Zone 3
0,0,0,0,0,0,Zone 4
0,0,0,0.586756077116513,3578,2099.4132439228833,Collection Zone
0,0,0,0,0,0,Zone 0
4.1065482796892345,900,3695.893451720311,3.2015065913371,530,1696.798493408663,Zone 1
0,1600,0,0,757,0,Zone 2
0,0,0,0,0,0,Zone 3
0,0,0,0,0,0,Zone 4
0,0,0,0.5801104972375691,3619,2099.4198895027625,Collection Zone
0,0,0,0,0,0,Zone 0
4.1065482796892345,900,3695.893451720311,3.2454361054766734,492,1596.7545638945232,Zone 1
0,1600,0,0,787,0,Zone 2
0,0,0,0,0,0,Zone 3
0,0,0,0,0,0,Zone 4
0,0,0,0.5997818974918212,3667,2199.4002181025085,Collection Zone
0,0,0,0,0,0,Zone 0
4.217536071032186,900,3795.782463928968,3.648068669527897,465,1696.351931330472,Zone 1
0,1600,0,0,829,0,Zone 2
0,0,0,0,0,0,Zone 3
0,0,0,0,0,0,Zone 4
0,0,0,0.5912389142703575,3720,2199.4087610857296,Collection Zone
0,0,0,0,0,0,Zone 0
4.328523862375139,900,3895.671476137625,3.4334763948497855,465,1596.5665236051502,Zone 1
0,1600,0,0,832,0,Zone 2
0,0,0,0,0,0,Zone 3
0,0,0,0,0,0,Zone 4
0,0,0,0.6089489012443738,3776,2299.3910510987557,Collection Zone
0,0,0,0,0,0,Zone 0
4.328523862375139,900,3895.671476137625,3.68763557483731,460,1696.3123644251625,Zone 1
0,1600,0,0,837,0,Zone 2
0,0,0,0,0,0,Zone 3
0,0,0,0,0,0,Zone 4
0,0,0,0.6014644351464435,3823,2299.398535564854,Collection Zone
0,0,0,0,0,0,Zone 0
4.328523862375139,900,3895.671476137625,3.9560439560439558,454,1796.0439560439559,Zone 1
0,1600,0,0,849,0,Zone 2
0,0,0,0,0,0,Zone 3
0,0,0,0,0,0,Zone 4
0,0,0,0.5937016004130098,3873,2299.406298399587,Collection Zone
0,0,0,0,0,0,Zone 0
4.439511653718091,900,3995.5604883462815,3.9215686274509802,458,1796.078431372549,Zone 1
0,1600,0,0,849,0,Zone 2
0,0,0,0,0,0,Zone 3
0,0,0,0,0,0,Zone 4
0,0,0,0.5859872611464968,3924,2299.414012738853,Collection Zone
0,0,0,0,0,0,Zone 0
4.439511653718091,900,3995.5604883462815,4.516129032258064,464,2095.4838709677415,Zone 1
0,1600,0,0,838,0,Zone 2
0,0,0,0,0,0,Zone 3
0,0,0,0,0,0,Zone 4
0,0,0,0.5777442853554383,3980,2299.4222557146445,Collection Zone
0,0,0,0,0,0,Zone 0
4.550499445061043,900,4095.4495005549393,4.782608695652174,459,2195.217391304348,Zone 1
0,1600,0,0,848,0,Zone 2
0,0,0,0,0,0,Zone 3
0,0,0,0,0,0,Zone 4
0,0,0,0.570861255894763,4028,2299.4291387441053,Collection Zone
0,0,0,0,0,0,Zone 0
4.661487236403995,900,4195.338512763596,4.605263157894736,455,2095.394736842105,Zone 1
0,1600,0,0,847,0,Zone 2
0,0,0,0,0,0,Zone 3
0,0,0,0,0,0,Zone 4
0,0,0,0.586940572267058,4088,2399.413059427733,Collection Zone
0,0,0,0,0,0,Zone 0
4.8834628190899005,900,4395.11653718091,4.121475054229935,460,1895.8785249457703,Zone 1
0,1600,0,0,859,0,Zone 2
0,0,0,0,0,0,Zone 3
0,0,0,0,0,0,Zone 4
0,0,0,0.6299975769323964,4126,2599.3700024230675,Collection Zone
0,0,0,0,0,0,Zone 0
4.8834628190899005,900,4395.11653718091,4.55531453362256,460,2095.4446854663775,Zone 1
0,1600,0,0,866,0,Zone 2
0,0,0,0,0,0,Zone 3
0,0,0,0,0,0,Zone 4
0,0,0,0.6471716203259827,4171,2699.352828379674,Collection Zone
0,0,0,0,0,0,Zone 0
4.8834628190899005,900,4395.11653718091,5.161290322580645,464,2394.8387096774195,Zone 1
0,1600,0,0,859,0,Zone 2
0,0,0,0,0,0,Zone 3
0,0,0,0,0,0,Zone 4
0,0,0,0.6390532544378699,4224,2699.360946745562,Collection Zone
0,0,0,0,0,0,Zone 0
4.994450610432852,900,4495.005549389567,5.458515283842795,457,2494.5414847161574,Zone 1
0,1600,0,0,837,0,Zone 2
0,0,0,0,0,0,Zone 3
0,0,0,0,0,0,Zone 4
0,0,0,0.6737918215613383,4303,2899.3262081784387,Collection Zone
0,0,0,0,0,0,Zone 0
5.216426193118757,900,4694.783573806881,5.446623093681917,458,2494.553376906318,Zone 1
0,1600,0,0,849,0,Zone 2
0,0,0,0,0,0,Zone 3
0,0,0,0,0,0,Zone 4
0,0,0,0.6890215893431328,4353,2999.3109784106573,Collection Zone
0,0,0,0,0,0,Zone 0
5.216426193118757,900,4694.783573806881,5.555555555555555,449,2494.4444444444443,Zone 1
0,1600,0,0,857,0,Zone 2
0,0,0,0,0,0,Zone 3
0,0,0,0,0,0,Zone 4
0,0,0,0.7035860190649115,4405,3099.296413980935,Collection Zone
0,0,0,0,0,0,Zone 0
5.216426193118757,900,4694.783573806881,5.605381165919283,445,2494.394618834081,Zone 1
0,1600,0,0,835,0,Zone 2
0,0,0,0,0,0,Zone 3
0,0,0,0,0,0,Zone 4
0,0,0,0.7158836689038032,4469,3199.2841163310964,Collection Zone
0,0,0,0,0,0,Zone 0
5.438401775804662,900,4894.561598224196,6.150341685649203,438,2693.849658314351,Zone 1
0,1600,0,0,823,0,Zone 2
0,0,0,0,0,0,Zone 3
0,0,0,0,0,0,Zone 4
0,0,0,0.728476821192053,4529,3299.2715231788084,Collection Zone
0,0,0,0,0,0,Zone 0
5.438401775804662,900,4894.561598224196,5.694760820045558,438,2494.3052391799547,Zone 1
0,1600,0,0,825,0,Zone 2
0,0,0,0,0,0,Zone 3
0,0,0,0,0,0,Zone 4
0,0,0,0.7868852459016393,4574,3599.213114754098,Collection Zone
0,0,0,0,0,0,Zone 0
5.549389567147614,900,4994.450610432852,5.829596412556054,445,2594.170403587444,Zone 1
0,1600,0,0,827,0,Zone 2
0,0,0,0,0,0,Zone 3
0,0,0,0,0,0,Zone 4
0,0,0,0.7790521532135901,4620,3599.220947846786,Collection Zone
0,0,0,0,0,0,Zone 0
5.660377358490567,900,5094.33962264151,6.053811659192825,445,2693.946188340807,Zone 1
0,1600,0,0,840,0,Zone 2
0,0,0,0,0,0,Zone 3
0,0,0,0,0,0,Zone 4
0,0,0,0.7718696397941681,4663,3599.228130360206,Collection Zone
0,0,0,0,0,0,Zone 0
5.660377358490567,900,5094.33962264151,6.067415730337078,444,2693.9325842696626,Zone 1
0,1600,0,0,837,0,Zone 2
0,0,0,0,0,0,Zone 3
0,0,0,0,0,0,Zone 4
0,0,0,0.8055967776128896,4716,3799.1944032223873,Collection Zone
0,0,0,0,0,0,Zone 0
5.660377358490567,900,5094.33962264151,6.320541760722348,442,2793.6794582392777,Zone 1
0,1600,0,0,846,0,Zone 2
0,0,0,0,0,0,Zone 3
0,0,0,0,0,0,Zone 4
0,0,0,0.8198444397729661,4756,3899.1801555602265,Collection Zone
0,0,0,0,0,0,Zone 0
5.660377358490567,900,5094.33962264151,6.919642857142858,447,3093.0803571428573,Zone 1
0,1600,0,0,832,0,Zone 2
0,0,0,0,0,0,Zone 3
0,0,0,0,0,0,Zone 4
0,0,0,0.8103054228132142,4812,3899.1896945771864,Collection Zone
0,0,0,0,0,0,Zone 0
5.660377358490567,900,5094.33962264151,7.110091743119266,435,3092.889908256881,Zone 1
0,1600,0,0,820,0,Zone 2
0,0,0,0,0,0,Zone 3
0,0,0,0,0,0,Zone 4
0,0,0,0.8215239268843705,4868,3999.1784760731157,Collection Zone
0,0,0,0,0,0,Zone 0
0,0,0,6.636155606407322,436,2893.3638443935924,Zone 1
5.660377358490567,900,5094.33962264151,0,827,0,Zone 2
0,1600,0,0,0,0,Zone 3
0,0,0,0,0,0,Zone 4
0,0,0,0.8559201141226819,4906,4199.1440798858775,Collection Zone
0,0,0,0,0,0,Zone 0
0,0,0,6.791569086651054,426,2893.2084309133493,Zone 1
5.660377358490567,900,5094.33962264151,1.094890510948905,821,898.9051094890511,Zone 2
0,1600,0,0,29,0,Zone 3
0,0,0,0,0,0,Zone 4
0,0,0,0.8489993935718617,4946,4199.151000606428,Collection Zone
0,0,0,0,0,0,Zone 0
0,0,0,6.982543640897755,400,2793.017456359102,Zone 1
5.771365149833518,900,5194.228634850167,1.373283395755306,800,1098.6267166042446,Zone 2
0,1600,0,0,62,0,Zone 3
0,0,0,0,0,0,Zone 4
0,0,0,0.8574277168494517,5014,4299.142572283151,Collection Zone
0,0,0,0,0,0,Zone 0
0,0,0,7.2727272727272725,384,2792.7272727272725,Zone 1
5.88235294117647,900,5294.117647058823,1.6817593790426906,772,1298.318240620957,Zone 2
0,1600,0,0,97,0,Zone 3
0,0,0,0,0,0,Zone 4
0,0,0,0.847457627118644,5073,4299.152542372881,Collection Zone
0,0,0,0,0,0,Zone 0
0,0,0,7.297297297297297,369,2692.702702702703,Zone 1
5.88235294117647,900,5294.117647058823,1.8518518518518516,755,1398.148148148148,Zone 2
0,1600,0,0,119,0,Zone 3
0,0,0,0,0,0,Zone 4
0,0,0,0.8982620581917594,5120,4599.101737941808,Collection Zone
0,0,0,0,0,0,Zone 0
0,0,0,7.365439093484419,352,2592.6345609065156,Zone 1
6.326304106548279,900,5693.673695893451,2.165087956698241,738,1597.8349120433018,Zone 2
0,1600,0,0,157,0,Zone 3
0,0,0,0,0,0,Zone 4
0,0,0,0.9078616959629129,5176,4699.092138304037,Collection Zone
0,0,0,0,0,0,Zone 0
0,0,0,7.5075075075075075,332,2492.4924924924926,Zone 1
6.326304106548279,900,5693.673695893451,2.3842917251051894,712,1697.6157082748948,Zone 2
0,1600,0,0,184,0,Zone 3
0,0,0,0,0,0,Zone 4
0,0,0,0.9174311926605505,5231,4799.08256880734,Collection Zone
0,0,0,0,0,0,Zone 0
0,0,0,7.443365695792881,308,2292.5566343042074,Zone 1
6.437291897891232,900,5793.562708102108,2.6798307475317347,708,1897.320169252468,Zone 2
0,1600,0,0,220,0,Zone 3
0,0,0,0,0,0,Zone 4
0,0,0,0.9464319515426841,5282,4999.053568048457,Collection Zone
0,0,0,0,0,0,Zone 0
0,0,0,7.167235494880546,292,2092.8327645051195,Zone 1
6.659267480577137,900,5993.340732519423,3.0434782608695654,689,2096.9565217391305,Zone 2
0,1600,0,0,255,0,Zone 3
0,0,0,0,0,0,Zone 4
0,0,0,0.9932533733133433,5335,5299.006746626686,Collection Zone
0,0,0,0,0,0,Zone 0
0,0,0,7.7490774907749085,270,2092.2509225092253,Zone 1
6.992230854605993,900,6293.007769145394,2.932551319648094,681,1997.0674486803518,Zone 2
0,1600,0,0,295,0,Zone 3
0,0,0,0,0,0,Zone 4
0,0,0,1.0202188833240586,5390,5498.979781116676,Collection Zone
0,0,0,0,0,0,Zone 0
0,0,0,8.235294117647058,254,2091.7647058823527,Zone 1
7.103218645948946,900,6392.896781354051,3.003003003003003,665,1996.9969969969968,Zone 2
0,1600,0,0,336,0,Zone 3
0,0,0,0,0,0,Zone 4
0,0,0,1.0099155343371282,5445,5498.990084465663,Collection Zone
0,0,0,0,0,0,Zone 0
0,0,0,8.47457627118644,235,1991.5254237288132,Zone 1
7.214206437291898,900,6492.785793562708,3.2507739938080498,645,2096.749226006192,Zone 2
0,1600,0,0,363,0,Zone 3
0,0,0,0,0,0,Zone 4
0,0,0,1.054929065114587,5497,5798.945070934885,Collection Zone
0,0,0,0,0,0,Zone 0
0,0,0,7.76255707762557,218,1692.2374429223744,Zone 1
7.547169811320755,900,6792.452830188679,3.508771929824561,626,2196.491228070175,Zone 2
0,1600,0,0,406,0,Zone 3
0,0,0,0,0,0,Zone 4
0,0,0,1.099495313626532,5547,6098.900504686373,Collection Zone
0,0,0,0,0,0,Zone 0
0,0,0,7.614213197969544,196,1492.3857868020307,Zone 1
7.880133185349611,900,7092.11986681465,3.542673107890499,620,2196.4573268921094,Zone 2
0,1600,0,0,426,0,Zone 3
0,0,0,0,0,0,Zone 4
0,0,0,1.143265451947124,5597,6398.856734548052,Collection Zone
0,0,0,0,0,0,Zone 0
0,0,0,7.777777777777778,179,1392.2222222222222,Zone 1
8.102108768035517,900,7291.897891231965,4.040404040404041,593,2395.9595959595963,Zone 2
0,1600,0,0,467,0,Zone 3
0,0,0,0,0,0,Zone 4
0,0,0,1.1658717541070482,5660,6598.834128245893,Collection Zone
0,0,0,0,0,0,Zone 0
0,0,0,8.588957055214724,162,1391.4110429447853,Zone 1
8.32408435072142,900,7491.675915649279,4.266211604095563,585,2495.7337883959044,Zone 2
0,1600,0,0,498,0,Zone 3
0,0,0,0,0,0,Zone 4
0,0,0,1.207983193277311,5711,6898.792016806724,Collection Zone
0,0,0,0,0,0,Zone 0
0,0,0,8.904109589041095,145,1291.0958904109589,Zone 1
8.435072142064373,900,7591.564927857936,4.288164665523156,582,2495.7118353344767,Zone 2
0,1600,0,0,527,0,Zone 3
0,0,0,0,0,0,Zone 4
0,0,0,1.2347826086956522,5749,7098.765217391304,Collection Zone
0,0,0,0,0,0,Zone 0
0,0,0,8.461538461538462,129,1091.5384615384617,Zone 1
8.76803551609323,900,7891.231964483907,4.679376083188909,576,2695.320623916811,Zone 2
0,1600,0,0,569,0,Zone 3
0,0,0,0,0,0,Zone 4
0,0,0,1.2605767570367812,5790,7298.739423242963,Collection Zone
0,0,0,0,0,0,Zone 0
0,0,0,8.256880733944955,108,891.7431192660551,Zone 1
8.990011098779133,900,8091.00998890122,5.253940455341506,570,2994.7460595446582,Zone 2
0,1600,0,0,597,0,Zone 3
0,0,0,0,0,0,Zone 4
0,0,0,1.301815690304899,5837,7598.6981843096955,Collection Zone
0,0,0,0,0,0,Zone 0
0,0,0,9.090909090909092,87,790.909090909091,Zone 1
9.211986681465039,900,8290.788013318535,5.7657657657657655,554,3194.234234234234,Zone 2
0,1600,0,0,629,0,Zone 3
0,0,0,0,0,0,Zone 4
0,0,0,1.3236042762599696,5892,7798.676395723741,Collection Zone
0,0,0,0,0,0,Zone 0
0,0,0,9.859154929577464,70,690.1408450704225,Zone 1
9.433962264150944,900,8490.566037735849,6.16822429906542,534,3293.831775700934,Zone 2
0,1600,0,0,664,0,Zone 3
0,0,0,0,0,0,Zone 4
0,0,0,1.3279542780299212,5948,7898.672045721971,Collection Zone
0,0,0,0,0,0,Zone 0
0,0,0,8.928571428571429,55,491.0714285714286,Zone 1
9.544950055493896,900,8590.455049944507,6.5891472868217065,515,3393.410852713179,Zone 2
0,1600,0,0,699,0,Zone 3
0,0,0,0,0,0,Zone 4
0,0,0,1.3671223741247083,5997,8198.632877625876,Collection Zone
0,0,0,0,0,0,Zone 0
0,0,0,6.8181818181818175,43,293.18181818181813,Zone 1
9.65593784683685,900,8690.344062153164,7.099391480730223,492,3492.90060851927,Zone 2
0,1600,0,0,740,0,Zone 3
0,0,0,0,0,0,Zone 4
0,0,0,1.4061207609594708,6044,8498.59387923904,Collection Zone
0,0,0,0,0,0,Zone 0
0,0,0,3.8461538461538463,25,96.15384615384616,Zone 1
9.766925638179801,900,8790.23307436182,7.291666666666667,479,3492.7083333333335,Zone 2
0,1600,0,0,776,0,Zone 3
0,0,0,0,0,0,Zone 4
0,0,0,1.428102429415627,6091,8698.571897570584,Collection Zone
0,0,0,0,0,0,Zone 0
0,0,0,0,16,0,Zone 1
9.988901220865705,900,8990.011098779134,7.322175732217573,477,3492.6778242677824,Zone 2
0,1600,0,0,806,0,Zone 3
0,0,0,0,0,0,Zone 4
0,0,0,1.4532984977139125,6123,8898.546701502286,Collection Zone
0,0,0,0,0,0,Zone 0
0,0,0,0,0,0,Zone 1
10.21087680355161,900,9189.78912319645,7.563025210084033,475,3592.436974789916,Zone 2
0,1600,0,0,840,0,Zone 3
0,0,0,0,0,0,Zone 4
0,0,0,1.4748784440842788,6169,9098.525121555916,Collection Zone
0,0,0,0,0,0,Zone 0
0,0,0,0,0,0,Zone 1
10.321864594894562,900,9289.678135405105,7.5,479,3592.5,Zone 2
0,1600,0,0,847,0,Zone 3
0,0,0,0,0,0,Zone 4
0,0,0,1.49445605013659,6222,9298.505543949863,Collection Zone
0,0,0,0,0,0,Zone 0
0,0,0,0,0,0,Zone 1
10.654827968923417,900,9589.345172031075,7.7894736842105265,474,3692.2105263157896,Zone 2
0,1600,0,0,849,0,Zone 3
0,0,0,0,0,0,Zone 4
0,0,0,1.4975306675163294,6276,9398.502469332483,Collection Zone
0,0,0,0,0,0,Zone 0
0,0,0,0,0,0,Zone 1
11.098779134295228,900,9988.901220865704,7.531380753138076,477,3592.468619246862,Zone 2
0,1600,0,0,841,0,Zone 3
0,0,0,0,0,0,Zone 4
0,0,0,1.5015015015015014,6326,9498.498498498499,Collection Zone
0,0,0,0,0,0,Zone 0
0,0,0,0,0,0,Zone 1
11.320754716981133,900,10188.67924528302,7.916666666666666,479,3792.083333333333,Zone 2
0,1600,0,0,856,0,Zone 3
0,0,0,0,0,0,Zone 4
0,0,0,1.508485229415462,6363,9598.491514770585,Collection Zone
0,0,0,0,0,0,Zone 0
0,0,0,0,0,0,Zone 1
11.320754716981133,900,10188.67924528302,7.900207900207901,480,3792.0997920997925,Zone 2
0,1600,0,0,861,0,Zone 3
0,0,0,0,0,0,Zone 4
0,0,0,1.5410958904109588,6423,9898.458904109588,Collection Zone
0,0,0,0,0,0,Zone 0
0,0,0,0,0,0,Zone 1
11.431742508324085,900,10288.568257491677,7.707910750507099,492,3792.2920892494926,Zone 2
0,1600,0,0,865,0,Zone 3
0,0,0,0,0,0,Zone 4
0,0,0,1.5479876160990713,6459,9998.452012383901,Collection Zone
0,0,0,0,0,0,Zone 0
0,0,0,0,0,0,Zone 1
11.875693673695894,900,10688.124306326305,7.991803278688526,487,3892.008196721312,Zone 2
0,1600,0,0,862,0,Zone 3
0,0,0,0,0,0,Zone 4
0,0,0,1.5493173799662525,6518,10098.450682620034,Collection Zone
0,0,0,0,0,0,Zone 0
0,0,0,0,0,0,Zone 1
12.20865704772475,900,10987.791342952274,7.818930041152264,485,3792.1810699588477,Zone 2
0,1600,0,0,868,0,Zone 3
0,0,0,0,0,0,Zone 4
0,0,0,1.5672550213024956,6571,10298.432744978698,Collection Zone
0,0,0,0,0,0,Zone 0
0,0,0,0,0,0,Zone 1
12.20865704772475,900,10987.791342952274,8.108108108108109,480,3891.891891891892,Zone 2
0,1600,0,0,855,0,Zone 3
0,0,0,0,0,0,Zone 4
0,0,0,1.5519059816182008,6636,10298.44809401838,Collection Zone
0,0,0,0,0,0,Zone 0
0,0,0,0,0,0,Zone 1
12.430632630410656,900,11187.569367369591,7.7894736842105265,474,3692.2105263157896,Zone 2
0,1600,0,0,849,0,Zone 3
0,0,0,0,0,0,Zone 4
0,0,0,1.5669303089091182,6700,10498.433069691093,Collection Zone
0,0,0,0,0,0,Zone 0
0,0,0,0,0,0,Zone 1
12.763596004439512,900,11487.236403995561,7.276507276507277,480,3492.723492723493,Zone 2
0,1600,0,0,852,0,Zone 3
0,0,0,0,0,0,Zone 4
0,0,0,1.602136181575434,6740,10798.397863818425,Collection Zone
0,0,0,0,0,0,Zone 0
0,0,0,0,0,0,Zone 1
12.874583795782463,900,11587.125416204217,8.057851239669422,483,3891.9421487603304,Zone 2
0,1600,0,0,843,0,Zone 3
0,0,0,0,0,0,Zone 4
0,0,0,1.6034127684613122,6797,10898.396587231538,Collection Zone
0,0,0,0,0,0,Zone 0
0,0,0,0,0,0,Zone 1
12.874583795782463,900,11587.125416204217,9.053497942386832,485,4390.9465020576135,Zone 2
0,1600,0,0,853,0,Zone 3
0,0,0,0,0,0,Zone 4
0,0,0,1.608187134502924,6839,10998.391812865497,Collection Zone
0,0,0,0,0,0,Zone 0
0,0,0,0,0,0,Zone 1
12.985571587125417,900,11687.014428412875,9.690721649484537,484,4690.309278350516,Zone 2
0,1600,0,0,850,0,Zone 3
0,0,0,0,0,0,Zone 4
0,0,0,1.608695652173913,6899,11098.391304347826,Collection Zone
0,0,0,0,0,0,Zone 0
0,0,0,0,0,0,Zone 1
13.09655937846837,900,11786.903440621534,9.832635983263598,477,4690.167364016736,Zone 2
0,1600,0,0,843,0,Zone 3
0,0,0,0,0,0,Zone 4
0,0,0,1.6386373436826216,6956,11398.361362656316,Collection Zone
0,0,0,0,0,0,Zone 0
0,0,0,0,0,0,Zone 1
13.09655937846837,900,11786.903440621534,10.294117647058822,475,4889.7058823529405,Zone 2
0,1600,0,0,838,0,Zone 3
0,0,0,0,0,0,Zone 4
0,0,0,1.6419189034837234,7003,11498.358081096514,Collection Zone
0,0,0,0,0,0,Zone 0
0,0,0,0,0,0,Zone 1
13.09655937846837,900,11786.903440621534,10.59322033898305,471,4989.406779661017,Zone 2
0,1600,0,0,829,0,Zone 3
0,0,0,0,0,0,Zone 4
0,0,0,1.6418966737438077,7064,11598.358103326258,Collection Zone
0,0,0,0,0,0,Zone 0
0,0,0,0,0,0,Zone 1
13.318534961154274,900,11986.681465038846,10.256410256410255,467,4789.743589743589,Zone 2
0,1600,0,0,844,0,Zone 3
0,0,0,0,0,0,Zone 4
0,0,0,1.687051876845213,7112,11998.312948123155,Collection Zone
0,0,0,0,0,0,Zone 0
0,0,0,0,0,0,Zone 1
13.540510543840178,900,12186.45948945616,10.085836909871244,465,4689.914163090129,Zone 2
0,1600,0,0,847,0,Zone 3
0,0,0,0,0,0,Zone 4
0,0,0,1.7171576155242216,7162,12298.282842384475,Collection Zone
0,0,0,0,0,0,Zone 0
0,0,0,0,0,0,Zone 1
13.873473917869033,900,12486.12652608213,10.47008547008547,467,4889.529914529915,Zone 2
0,1600,0,0,842,0,Zone 3
0,0,0,0,0,0,Zone 4
0,0,0,1.7181654427047248,7216,12398.281834557294,Collection Zone
0,0,0,0,0,0,Zone 0
0,0,0,0,0,0,Zone 1
14.317425083240842,900,12885.682574916758,10.31578947368421,474,4889.684210526316,Zone 2
0,1600,0,0,833,0,Zone 3
0,0,0,0,0,0,Zone 4
0,0,0,1.7201045823586072,7266,12498.27989541764,Collection Zone
0,0,0,0,0,0,Zone 0
0,0,0,0,0,0,Zone 1
14.539400665926749,900,13085.460599334074,10.482180293501047,476,4989.517819706499,Zone 2
0,1600,0,0,825,0,Zone 3
0,0,0,0,0,0,Zone 4
0,0,0,1.707650273224044,7319,12498.292349726778,Collection Zone
0,0,0,0,0,0,Zone 0
0,0,0,0,0,0,Zone 1
0,0,0,11.618257261410788,481,5588.381742738589,Zone 2
14.6503884572697,900,13185.349611542732,0,822,0,Zone 3
0,1600,0,0,0,0,Zone 4
0,0,0,1.6956049918610958,7371,12498.304395008137,Collection Zone
0,0,0,0,0,0,Zone 0
0,0,0,0,0,0,Zone 1
0,0,0,11.713665943600867,460,5388.286334056399,Zone 2
14.983351831298558,900,13485.016648168703,2.2304832713754648,806,1797.7695167286247,Zone 3
0,1600,0,0,34,0,Zone 4
0,0,0,1.7243702007274688,7422,12798.275629799273,Collection Zone
0,0,0,0,0,0,Zone 0
0,0,0,0,0,0,Zone 1
0,0,0,11.778290993071593,432,5088.221709006928,Zone 2
15.205327413984463,900,13684.794672586017,3.034134007585335,790,2396.9658659924144,Zone 3
0,1600,0,0,58,0,Zone 4
0,0,0,1.7501670006680026,7484,13098.24983299933,Collection Zone
0,0,0,0,0,0,Zone 0
0,0,0,0,0,0,Zone 1
0,0,0,12.098765432098766,404,4887.901234567901,Zone 2
15.316315205327413,900,13784.683684794672,3.5989717223650386,777,2796.401028277635,Zone 3
0,1600,0,0,88,0,Zone 4
0,0,0,1.7618227579811896,7548,13298.23817724202,Collection Zone
0,0,0,0,0,0,Zone 0
0,0,0,0,0,0,Zone 1
0,0,0,12.082262210796916,388,4687.917737789204,Zone 2
15.760266370699222,900,14184.2397336293,4.479578392621871,758,3395.5204216073785,Zone 3
0,1600,0,0,118,0,Zone 4
0,0,0,1.789473684210526,7599,13598.210526315788,Collection Zone
0,0,0,0,0,0,Zone 0
0,0,0,0,0,0,Zone 1
0,0,0,12.668463611859837,370,4687.331536388139,Zone 2
15.98224195338513,900,14384.017758046617,4.295302013422819,744,3195.7046979865772,Zone 3
0,1600,0,0,152,0,Zone 4
0,0,0,1.831262262916939,7644,13998.168737737082,Collection Zone
0,0,0,0,0,0,Zone 0
0,0,0,0,0,0,Zone 1
0,0,0,12.711864406779661,353,4487.28813559322,Zone 2
16.204217536071035,900,14583.79578246393,4.663923182441701,728,3395.3360768175585,Zone 3
0,1600,0,0,186,0,Zone 4
0,0,0,1.8573840758540068,7698,14298.142615924144,Collection Zone
0,0,0,0,0,0,Zone 0
0,0,0,0,0,0,Zone 1
0,0,0,12.990936555891238,330,4287.0090634441085,Zone 2
16.426193118756938,900,14783.573806881244,5.329593267882188,712,3794.6704067321175,Zone 3
0,1600,0,0,215,0,Zone 4
0,0,0,1.8802318094011592,7764,14598.1197681906,Collection Zone
0,0,0,0,0,0,Zone 0
0,0,0,0,0,0,Zone 1
0,0,0,13.548387096774196,309,4186.451612903226,Zone 2
16.537180910099888,900,14883.462819089898,6.073446327683616,707,4293.926553672316,Zone 3
0,1600,0,0,244,0,Zone 4
0,0,0,1.8805168223103492,7816,14698.11948317769,Collection Zone
0,0,0,0,0,0,Zone 0
0,0,0,0,0,0,Zone 1
0,0,0,13.698630136986301,291,3986.3013698630134,Zone 2
16.870144284128745,900,15183.129855715872,7.525325615050652,690,5192.47467438495,Zone 3
0,1600,0,0,280,0,Zone 4
0,0,0,1.9191662430096597,7867,15098.080833756992,Collection Zone
0,0,0,0,0,0,Zone 0
0,0,0,0,0,0,Zone 1
0,0,0,14.492753623188406,275,3985.5072463768115,Zone 2
16.9811320754717,900,15283.01886792453,8.18452380952381,671,5491.815476190477,Zone 3
0,1600,0,0,310,0,Zone 4
0,0,0,1.9053627760252365,7924,15098.094637223974,Collection Zone
0,0,0,0,0,0,Zone 0
0,0,0,0,0,0,Zone 1
0,0,0,15.234375,255,3884.765625,Zone 2
17.092119866814652,900,15382.907880133187,8.995502248875562,666,5991.004497751124,Zone 3
0,1600,0,0,342,0,Zone 4
0,0,0,1.9192172604114401,7971,15298.08078273959,Collection Zone
0,0,0,0,0,0,Zone 0
0,0,0,0,0,0,Zone 1
0,0,0,16.317991631799163,238,3883.682008368201,Zone 2
17.42508324084351,900,15682.574916759158,9.95405819295559,652,6490.045941807044,Zone 3
0,1600,0,0,376,0,Zone 4
0,0,0,1.9192422731804586,8023,15398.080757726819,Collection Zone
0,0,0,0,0,0,Zone 0
0,0,0,0,0,0,Zone 1
0,0,0,17.272727272727273,219,3782.727272727273,Zone 2
17.647058823529413,900,15882.352941176472,10.093167701863354,643,6489.906832298137,Zone 3
0,1600,0,0,409,0,Zone 4
0,0,0,1.9695280564845783,8072,15898.030471943515,Collection Zone
0,0,0,0,0,0,Zone 0
0,0,0,0,0,0,Zone 1
0,0,0,16.25615763546798,202,3283.7438423645317,Zone 2
17.980022197558267,900,16182.01997780244,10.776545166402537,630,6789.223454833598,Zone 3
0,1600,0,0,441,0,Zone 4
0,0,0,2.031019202363368,8123,16497.96898079764,Collection Zone
0,0,0,0,0,0,Zone 0
0,0,0,0,0,0,Zone 1
0,0,0,15.083798882681565,178,2684.9162011173185,Zone 2
18.09100998890122,900,16281.908990011098,11.525974025974026,615,7088.4740259740265,Zone 3
0,1600,0,0,468,0,Zone 4
0,0,0,2.1154316458791884,8177,17297.884568354122,Collection Zone
0,0,0,0,0,0,Zone 0
0,0,0,0,0,0,Zone 1
0,0,0,14.285714285714285,160,2285.7142857142853,Zone 2
18.312985571587127,900,16481.687014428415,12.333333333333334,599,7387.666666666667,Zone 3
0,1600,0,0,497,0,Zone 4
0,0,0,2.1739130434782608,8233,17897.82608695652,Collection Zone
0,0,0,0,0,0,Zone 0
0,0,0,0,0,0,Zone 1
0,0,0,14.084507042253522,141,1985.9154929577467,Zone 2
18.53496115427303,900,16681.465038845727,13.18864774624374,598,7886.811352253757,Zone 3
0,1600,0,0,537,0,Zone 4
0,0,0,2.223027667029117,8276,18397.776972332973,Collection Zone
0,0,0,0,0,0,Zone 0
0,0,0,0,0,0,Zone 1
0,0,0,13.492063492063492,125,1686.5079365079366,Zone 2
18.64594894561598,900,16781.354051054383,14.429530201342283,595,8585.570469798658,Zone 3
0,1600,0,0,577,0,Zone 4
0,0,0,2.2484068774798605,8316,18697.75159312252,Collection Zone
0,0,0,0,0,0,Zone 0
0,0,0,0,0,0,Zone 1
0,0,0,12.612612612612612,110,1387.3873873873872,Zone 2
18.867924528301888,900,16981.132075471698,14.930555555555555,575,8585.069444444443,Zone 3
0,1600,0,0,606,0,Zone 4
0,0,0,2.307232516437537,8364,19297.69276748356,Collection Zone
0,0,0,0,0,0,Zone 0
0,0,0,0,0,0,Zone 1
0,0,0,13.684210526315791,94,1286.3157894736844,Zone 2
18.978912319644838,900,17081.021087680354,15.03623188405797,551,8284.963768115942,Zone 3
0,1600,0,0,630,0,Zone 4
0,0,0,2.3504273504273505,8423,19797.649572649574,Collection Zone
0,0,0,0,0,0,Zone 0
0,0,0,0,0,0,Zone 1
0,0,0,13.924050632911392,78,1086.0759493670885,Zone 2
19.08990011098779,900,17180.910099889014,15.64245810055866,536,8384.357541899442,Zone 3
0,1600,0,0,664,0,Zone 4
0,0,0,2.359882005899705,8474,19997.6401179941,Collection Zone
0,0,0,0,0,0,Zone 0
0,0,0,0,0,0,Zone 1
0,0,0,13.793103448275861,57,786.2068965517241,Zone 2
19.3118756936737,900,17380.68812430633,16.01489757914339,536,8583.985102420856,Zone 3
0,1600,0,0,703,0,Zone 4
0,0,0,2.41613886934084,8525,20597.58386113066,Collection Zone
0,0,0,0,0,0,Zone 0
0,0,0,0,0,0,Zone 1
0,0,0,19.444444444444446,35,680.5555555555557,Zone 2
19.644839067702552,900,17680.355160932297,16.824196597353495,528,8883.175803402646,Zone 3
0,1600,0,0,730,0,Zone 4
0,0,0,2.4142757172848146,8573,20697.585724282715,Collection Zone
0,0,0,0,0,0,Zone 0
0,0,0,0,0,0,Zone 1
0,0,0,27.27272727272727,21,572.7272727272726,Zone 2
19.644839067702552,900,17680.355160932297,18.43137254901961,509,9381.56862745098,Zone 3
0,1600,0,0,761,0,Zone 4
0,0,0,2.412713142326876,8620,20797.587286857673,Collection Zone
0,0,0,0,0,0,Zone 0
0,0,0,0,0,0,Zone 1
0,0,0,0,0,0,Zone 2
19.644839067702552,900,17680.355160932297,19.076305220883537,497,9480.923694779118,Zone 3
0,1600,0,0,784,0,Zone 4
0,0,0,2.5129682997118157,8674,21797.48703170029,Collection Zone
0,0,0,0,0,0,Zone 0
0,0,0,0,0,0,Zone 1
0,0,0,0,0,0,Zone 2
20.08879023307436,900,18079.911209766924,18.92430278884462,501,9481.075697211156,Zone 3
0,1600,0,0,778,0,Zone 4
0,0,0,2.5449959876189387,8722,22197.455004012383,Collection Zone
0,0,0,0,0,0,Zone 0
0,0,0,0,0,0,Zone 1
0,0,0,0,0,0,Zone 2
20.199778024417313,900,18179.80022197558,18.73767258382643,506,9481.262327416174,Zone 3
0,1600,0,0,795,0,Zone 4
0,0,0,2.567027952082145,8764,22497.432972047918,Collection Zone
0,0,0,0,0,0,Zone 0
0,0,0,0,0,0,Zone 1
0,0,0,0,0,0,Zone 2
20.42175360710322,900,18379.5782463929,18.473895582329316,497,9181.52610441767,Zone 3
0,1600,0,0,792,0,Zone 4
0,0,0,2.5969607620775688,8817,22897.403039237925,Collection Zone
0,0,0,0,0,0,Zone 0
0,0,0,0,0,0,Zone 1
0,0,0,0,0,0,Zone 2
20.754716981132077,900,18679.24528301887,18.81188118811881,504,9481.18811881188,Zone 3
0,1600,0,0,804,0,Zone 4
0,0,0,2.628610108303249,8863,23297.371389891698,Collection Zone
0,0,0,0,0,0,Zone 0
0,0,0,0,0,0,Zone 1
0,0,0,0,0,0,Zone 2
20.865704772475027,900,18779.134295227523,18.860510805500983,508,9581.1394891945,Zone 3
0,1600,0,0,791,0,Zone 4
0,0,0,2.6371899899001234,8910,23497.3628100101,Collection Zone
0,0,0,0,0,0,Zone 0
0,0,0,0,0,0,Zone 1
0,0,0,0,0,0,Zone 2
21.198668146503884,900,19078.801331853494,19.207920792079207,504,9680.79207920792,Zone 3
0,1600,0,0,795,0,Zone 4
0,0,0,2.6656256970778496,8965,23897.33437430292,Collection Zone
0,0,0,0,0,0,Zone 0
0,0,0,0,0,0,Zone 1
0,0,0,0,0,0,Zone 2
21.420643729189788,900,19278.57935627081,19.36127744510978,500,9680.638722554892,Zone 3
0,1600,0,0,796,0,Zone 4
0,0,0,2.7045001108401685,9021,24397.295499889162,Collection Zone
0,0,0,0,0,0,Zone 0
0,0,0,0,0,0,Zone 1
0,0,0,0,0,0,Zone 2
21.8645948945616,900,19678.135405105437,19.8,499,9880.2,Zone 3
0,1600,0,0,793,0,Zone 4
0,0,0,2.7321802357607137,9076,24797.267819764238,Collection Zone
0,0,0,0,0,0,Zone 0
0,0,0,0,0,0,Zone 1
0,0,0,0,0,0,Zone 2
21.8645948945616,900,19678.135405105437,18.837675350701403,498,9381.162324649298,Zone 3
0,1600,0,0,788,0,Zone 4
0,0,0,2.793296089385475,9128,25497.206703910615,Collection Zone
0,0,0,0,0,0,Zone 0
0,0,0,0,0,0,Zone 1
0,0,0,0,0,0,Zone 2
21.975582685904552,900,19778.024417314096,19.4831013916501,502,9780.51689860835,Zone 3
0,1600,0,0,788,0,Zone 4
0,0,0,2.81015139962967,9180,25797.18984860037,Collection Zone
0,0,0,0,0,0,Zone 0
0,0,0,0,0,0,Zone 1
0,0,0,0,0,0,Zone 2
22.197558268590456,900,19977.802441731408,19.238476953907817,498,9580.761523046092,Zone 3
0,1600,0,0,789,0,Zone 4
0,0,0,2.8586897671900378,9234,26397.141310232808,Collection Zone
0,0,0,0,0,0,Zone 0
0,0,0,0,0,0,Zone 1
0,0,0,0,0,0,Zone 2
22.530521642619313,900,20277.469478357383,19.438877755511022,498,9680.56112224449,Zone 3
0,1600,0,0,789,0,Zone 4
0,0,0,2.906350914962325,9289,26997.093649085036,Collection Zone
0,0,0,0,0,0,Zone 0
0,0,0,0,0,0,Zone 1
0,0,0,0,0,0,Zone 2
22.752497225305216,900,20477.247502774695,19.367588932806324,505,9780.632411067194,Zone 3
0,1600,0,0,787,0,Zone 4
0,0,0,2.9323630136986303,9343,27397.067636986303,Collection Zone
0,0,0,0,0,0,Zone 0
0,0,0,0,0,0,Zone 1
0,0,0,0,0,0,Zone 2
23.085460599334073,900,20776.914539400666,20.077972709551656,512,10279.922027290448,Zone 3
0,1600,0,0,779,0,Zone 4
0,0,0,2.9477492816856445,9396,27697.052250718316,Collection Zone
0,0,0,0,0,0,Zone 0
0,0,0,0,0,0,Zone 1
0,0,0,0,0,0,Zone 2
23.52941176470588,900,21176.470588235294,20.76923076923077,519,10779.23076923077,Zone 3
0,1600,0,0,793,0,Zone 4
0,0,0,2.9770102765123423,9438,28097.022989723486,Collection Zone
0,0,0,0,0,0,Zone 0
0,0,0,0,0,0,Zone 1
0,0,0,0,0,0,Zone 2
23.751387347391788,900,21376.24861265261,20.97087378640777,514,10779.029126213592,Zone 3
0,1600,0,0,807,0,Zone 4
0,0,0,3.024236037934668,9489,28696.975763962066,Collection Zone
0,0,0,0,0,0,Zone 0
0,0,0,0,0,0,Zone 1
0,0,0,0,0,0,Zone 2
23.86237513873474,900,21476.13762486127,21.25984251968504,507,10778.740157480315,Zone 3
0,1600,0,0,801,0,Zone 4
0,0,0,3.0566314246833457,9552,29196.943368575317,Collection Zone
0,0,0,0,0,0,Zone 0
0,0,0,0,0,0,Zone 1
0,0,0,0,0,0,Zone 2
24.084350721420645,900,21675.91564927858,20.599999999999998,499,10279.4,Zone 3
0,1600,0,0,799,0,Zone 4
0,0,0,3.110047846889952,9613,29896.88995215311,Collection Zone
0,0,0,0,0,0,Zone 0
0,0,0,0,0,0,Zone 1
0,0,0,0,0,0,Zone 2
24.4173140954495,900,21975.58268590455,20.948616600790515,505,10579.05138339921,Zone 3
0,1600,0,0,810,0,Zone 4
0,0,0,3.1275890637945323,9655,30196.87241093621,Collection Zone
0,0,0,0,0,0,Zone 0
0,0,0,0,0,0,Zone 1
0,0,0,0,0,0,Zone 2
24.639289678135405,900,22175.360710321864,21.722113502935418,510,11078.277886497062,Zone 3
0,1600,0,0,822,0,Zone 4
0,0,0,3.113723064233426,9698,30196.886276935766,Collection Zone
0,0,0,0,0,0,Zone 0
0,0,0,0,0,0,Zone 1
0,0,0,0,0,0,Zone 2
25.305216426193116,900,22774.694783573803,22.0703125,511,11277.9296875,Zone 3
0,1600,0,0,820,0,Zone 4
0,0,0,3.106736388803445,9752,30296.893263611197,Collection Zone
0,0,0,0,0,0,Zone 0
0,0,0,0,0,0,Zone 1
0,0,0,0,0,0,Zone 2
25.749167591564927,900,23174.250832408434,22.20039292730845,508,11277.799607072693,Zone 3
0,1600,0,0,815,0,Zone 4
0,0,0,3.1358175524333127,9821,30796.864182447564,Collection Zone
0,0,0,0,0,0,Zone 0
0,0,0,0,0,0,Zone 1
0,0,0,0,0,0,Zone 2
0,0,0,23.26043737574553,502,11676.739562624256,Zone 3
9.36374549819928,2498,23390.636254501802,0,818,0,Zone 4
0,2,0,3.1417857504814024,9866,30996.858214249518,Collection Zone
0,0,0,0,0,0,Zone 0
0,0,0,0,0,0,Zone 1
0,0,0,0,0,0,Zone 2
0,0,0,22.903885480572598,488,11177.096114519427,Zone 3
9.407526020816654,2497,23490.592473979184,0.8244994110718492,848,699.1755005889281,Zone 4
0,3,0,3.1779661016949152,9911,31496.822033898305,Collection Zone
0,0,0,0,0,0,Zone 0
0,0,0,0,0,0,Zone 1
0,0,0,0,0,0,Zone 2
0,0,0,22.64957264957265,467,10577.350427350428,Zone 3
9.451341609931918,2496,23590.548658390067,1.2702078521939952,865,1098.729792147806,Zone 4
0,4,0,3.2241864202490964,9955,32096.775813579756,Collection Zone
0,0,0,0,0,0,Zone 0
0,0,0,0,0,0,Zone 1
0,0,0,0,0,0,Zone 2
0,0,0,22.444444444444443,449,10077.555555555555,Zone 3
9.50661853188929,2492,23690.49338146811,2.0361990950226243,883,1797.9638009049772,Zone 4
0,8,0,3.259348130373925,10001,32596.740651869626,Collection Zone
0,0,0,0,0,0,Zone 0
0,0,0,0,0,0,Zone 1
0,0,0,0,0,0,Zone 2
0,0,0,22.950819672131146,426,9777.04918032787,Zone 3
9.554395824969891,2490,23790.445604175027,2.48868778280543,883,2197.5113122171947,Zone 4
0,10,0,3.2684283727399164,10065,32896.73157162726,Collection Zone
0,0,0,0,0,0,Zone 0
0,0,0,0,0,0,Zone 1
0,0,0,0,0,0,Zone 2
0,0,0,23.24455205811138,412,9576.755447941889,Zone 3
9.602249899558055,2488,23890.39775010044,2.9768467475192946,906,2697.023153252481,Zone 4
0,12,0,3.2749579499356885,10106,33096.725042050064,Collection Zone
0,0,0,0,0,0,Zone 0
0,0,0,0,0,0,Zone 1
0,0,0,0,0,0,Zone 2
0,0,0,23.076923076923077,389,8976.923076923076,Zone 3
9.73059911540008,2486,24190.2694008846,3.257328990228013,920,2996.742671009772,Zone 4
0,14,0,3.3130161226897368,10171,33696.68698387731,Collection Zone
0,0,0,0,0,0,Zone 0
0,0,0,0,0,0,Zone 1
0,0,0,0,0,0,Zone 2
0,0,0,22.78820375335121,372,8477.21179624665,Zone 3
9.75020145044319,2481,24190.249798549557,3.6764705882352944,951,3496.323529411765,Zone 4
5,19,95,3.3496571988246813,10209,34196.65034280117,Collection Zone
0,0,0,0,0,0,Zone 0
0,0,0,0,0,0,Zone 1
0,0,0,0,0,0,Zone 2
0,0,0,23.03370786516854,355,8176.966292134832,Zone 3
9.834744054816607,2480,24390.165255945187,4.536082474226804,969,4395.4639175257735,Zone 4
4.761904761904762,20,95.23809523809524,3.360935216755967,10264,34496.639064783245,Collection Zone
0,0,0,0,0,0,Zone 0
0,0,0,0,0,0,Zone 1
0,0,0,0,0,0,Zone 2
0,0,0,23.123123123123122,332,7676.876876876877,Zone 3
9.927360774818402,2477,24590.07263922518,5.070993914807302,985,4994.929006085193,Zone 4
4.166666666666666,23,95.83333333333331,3.3921302578018993,10317,34996.6078697422,Collection Zone
0,0,0,0,0,0,Zone 0
0,0,0,0,0,0,Zone 1
0,0,0,0,0,0,Zone 2
0,0,0,23.376623376623375,307,7176.623376623376,Zone 3
10.012111425111021,2476,24789.987888574888,5.686274509803922,1019,5794.313725490197,Zone 4
4,24,96,3.4236666988137716,10368,35496.576333301186,Collection Zone
0,0,0,0,0,0,Zone 0
0,0,0,0,0,0,Zone 1
0,0,0,0,0,0,Zone 2
0,0,0,23.549488054607508,292,6876.4505119453925,Zone 3
10.105092966855295,2473,24989.894907033144,6.177606177606178,1035,6393.822393822394,Zone 4
3.571428571428571,27,96.42857142857142,3.4373499759961597,10414,35796.562650024,Collection Zone
0,0,0,0,0,0,Zone 0
0,0,0,0,0,0,Zone 1
0,0,0,0,0,0,Zone 2
0,0,0,23.220973782771537,266,6176.779026217229,Zone 3
10.161943319838057,2469,25089.838056680164,6.912878787878787,1055,7293.08712121212,Zone 4
6.25,31,193.75,3.485817973450482,10470,36496.51418202655,Collection Zone
0,0,0,0,0,0,Zone 0
0,0,0,0,0,0,Zone 1
0,0,0,0,0,0,Zone 2
0,0,0,24.096385542168676,248,5975.903614457831,Zone 3
10.336441021483584,2466,25489.66355897852,7.136237256719184,1078,7692.863762743281,Zone 4
5.714285714285714,34,194.28571428571428,3.487930051321041,10521,36696.51206994867,Collection Zone
0,0,0,0,0,0,Zone 0
0,0,0,0,0,0,Zone 1
0,0,0,0,0,0,Zone 2
0,0,0,23.24561403508772,227,5276.754385964912,Zone 3
10.475030450669914,2462,25789.52496954933,7.529843893480257,1088,8192.47015610652,Zone 4
5.128205128205128,38,194.87179487179486,3.5359742838233905,10576,37396.46402571618,Collection Zone
0,0,0,0,0,0,Zone 0
0,0,0,0,0,0,Zone 1
0,0,0,0,0,0,Zone 2
0,0,0,24,199,4776,Zone 3
10.537021969080554,2457,25889.462978030922,7.538601271571299,1100,8292.461398728428,Zone 4
4.545454545454546,43,195.45454545454547,3.563369687852576,10635,37896.43663031214,Collection Zone
0,0,0,0,0,0,Zone 0
0,0,0,0,0,0,Zone 1
0,0,0,0,0,0,Zone 2
0,0,0,23.25581395348837,171,3976.7441860465115,Zone 3
10.554197229013855,2453,25889.445802770988,7.63765541740675,1125,8592.362344582594,Zone 4
6.25,47,293.75,3.6208832335329344,10687,38696.37911676647,Collection Zone
0,0,0,0,0,0,Zone 0
0,0,0,0,0,0,Zone 1
0,0,0,0,0,0,Zone 2
0,0,0,20.666666666666668,149,3079.3333333333335,Zone 3
10.567115463076297,2450,25889.432884536927,8.003518029903255,1136,9091.996481970098,Zone 4
7.8431372549019605,50,392.156862745098,3.6833782903915915,10750,39596.31662170961,Collection Zone
0,0,0,0,0,0,Zone 0
0,0,0,0,0,0,Zone 1
0,0,0,0,0,0,Zone 2
0,0,0,20.30075187969925,132,2679.6992481203006,Zone 3
10.588716271463614,2445,25889.411283728536,8.508771929824562,1139,9691.491228070176,Zone 4
8.928571428571429,55,491.0714285714286,3.6999352511331054,10810,39996.300064748866,Collection Zone
0,0,0,0,0,0,Zone 0
0,0,0,0,0,0,Zone 1
0,0,0,0,0,0,Zone 2
0,0,0,18.803418803418804,116,2181.196581196581,Zone 3
10.647010647010648,2441,25989.352989352992,9.208261617900172,1161,10690.7917383821,Zone 4
8.333333333333332,59,491.6666666666666,3.728938403461928,10860,40496.27106159654,Collection Zone
0,0,0,0,0,0,Zone 0
0,0,0,0,0,0,Zone 1
0,0,0,0,0,0,Zone 2
0,0,0,19.230769230769234,103,1980.769230769231,Zone 3
10.62346185397867,2437,25889.376538146018,9.511784511784512,1187,11290.488215488216,Zone 4
9.375,63,590.625,3.7298387096774195,10911,40696.270161290326,Collection Zone
0,0,0,0,0,0,Zone 0
0,0,0,0,0,0,Zone 1
0,0,0,0,0,0,Zone 2
0,0,0,20,84,1680,Zone 3
10.718685831622176,2434,26089.281314168376,9.818481848184819,1211,11890.181518151816,Zone 4
8.955223880597014,66,591.044776119403,3.737125148117765,10970,40996.262874851884,Collection Zone
0,0,0,0,0,0,Zone 0
0,0,0,0,0,0,Zone 1
0,0,0,0,0,0,Zone 2
0,0,0,19.672131147540984,60,1180.327868852459,Zone 3
10.818593171534348,2430,26289.181406828466,10.505212510024057,1246,13089.494787489975,Zone 4
8.450704225352112,70,591.5492957746478,3.7621249206780893,11030,41496.23787507933,Collection Zone
0,0,0,0,0,0,Zone 0
0,0,0,0,0,0,Zone 1
0,0,0,0,0,0,Zone 2
0,0,0,25,39,975,Zone 3
10.81304168386298,2422,26189.18695831614,10.81081081081081,1257,13589.189189189188,Zone 4
8.860759493670885,78,691.1392405063291,3.7621797185131722,11083,41696.23782028149,Collection Zone
0,0,0,0,0,0,Zone 0
0,0,0,0,0,0,Zone 1
0,0,0,0,0,0,Zone 2
0,0,0,46.15384615384615,12,553.8461538461538,Zone 3
10.858794384805945,2421,26289.141205615193,11.311861743912019,1272,14388.688138256088,Zone 4
8.75,79,691.25,3.7774786899955135,11144,42096.22252131,Collection Zone
0,0,0,0,0,0,Zone 0
0,0,0,0,0,0,Zone 1
0,0,0,0,0,0,Zone 2
0,0,0,0,0,0,Zone 3
10.991735537190083,2419,26589.00826446281,11.419753086419753,1295,14788.58024691358,Zone 4
8.536585365853659,81,691.4634146341464,3.816930365602932,11186,42696.1830696344,Collection Zone
0,0,0,0,0,0,Zone 0
0,0,0,0,0,0,Zone 1
0,0,0,0,0,0,Zone 2
0,0,0,0,0,0,Zone 3
11.055900621118013,2414,26688.944099378885,11.189358372456965,1277,14288.810641627544,Zone 4
8.045977011494253,86,691.9540229885058,3.8584637268847795,11247,43396.14153627311,Collection Zone
0,0,0,0,0,0,Zone 0
0,0,0,0,0,0,Zone 1
0,0,0,0,0,0,Zone 2
0,0,0,0,0,0,Zone 3
11.023622047244094,2412,26588.976377952757,11.033411033411033,1286,14188.966588966588,Zone 4
8.98876404494382,88,791.0112359550562,3.880226789510985,11287,43796.119773210485,Collection Zone
0,0,0,0,0,0,Zone 0
0,0,0,0,0,0,Zone 1
0,0,0,0,0,0,Zone 2
0,0,0,0,0,0,Zone 3
11.097256857855362,2405,26688.902743142145,11.067809820732657,1282,14188.932190179266,Zone 4
8.333333333333332,95,791.6666666666665,3.926239632962767,11333,44496.073760367035,Collection Zone
0,0,0,0,0,0,Zone 0
0,0,0,0,0,0,Zone 1
0,0,0,0,0,0,Zone 2
0,0,0,0,0,0,Zone 3
11.231281198003327,2403,26988.768718801995,11.30906274206042,1290,14588.690937257941,Zone 4
8.16326530612245,97,791.8367346938776,3.9472527472527474,11374,44896.05274725275,Collection Zone
0,0,0,0,0,0,Zone 0
0,0,0,0,0,0,Zone 1
0,0,0,0,0,0,Zone 2
0,0,0,0,0,0,Zone 3
11.213005418924551,2398,26888.786994581074,11.53250773993808,1291,14888.46749226006,Zone 4
9.70873786407767,102,990.2912621359222,3.973741794310722,11424,45396.02625820569,Collection Zone
0,0,0,0,0,0,Zone 0
0,0,0,0,0,0,Zone 1
0,0,0,0,0,0,Zone 2
0,0,0,0,0,0,Zone 3
11.231732776617955,2394,26888.768267223382,11.64972634870993,1278,14888.35027365129,Zone 4
9.345794392523365,106,990.6542056074767,4.006619632436199,11480,45995.99338036757,Collection Zone
0,0,0,0,0,0,Zone 0
0,0,0,0,0,0,Zone 1
0,0,0,0,0,0,Zone 2
0,0,0,0,0,0,Zone 3
11.2876254180602,2391,26988.712374581937,11.847233047544817,1282,15188.152766952455,Zone 4
9.090909090909092,109,990.909090909091,4.031908436660019,11532,46495.968091563336,Collection Zone
0,0,0,0,0,0,Zone 0
0,0,0,0,0,0,Zone 1
0,0,0,0,0,0,Zone 2
0,0,0,0,0,0,Zone 3
11.399832355406538,2385,27188.600167644592,11.442006269592477,1275,14588.557993730408,Zone 4
9.482758620689655,115,1090.5172413793102,4.090085425834843,11588,47395.909914574164,Collection Zone
0,0,0,0,0,0,Zone 0
0,0,0,0,0,0,Zone 1
0,0,0,0,0,0,Zone 2
0,0,0,0,0,0,Zone 3
11.42377152456951,2380,27188.576228475435,11.11111111111111,1286,14288.888888888889,Zone 4
9.090909090909092,120,1090.909090909091,4.125483455092393,11634,47995.8745165449,Collection Zone
0,0,0,0,0,0,Zone 0
0,0,0,0,0,0,Zone 1
0,0,0,0,0,0,Zone 2
0,0,0,0,0,0,Zone 3
11.46228402865571,2372,27188.537715971343,10.980392156862745,1274,13989.019607843138,Zone 4
10.852713178294573,128,1389.1472868217054,4.164172723386062,11694,48695.835827276605,Collection Zone
0,0,0,0,0,0,Zone 0
0,0,0,0,0,0,Zone 1
0,0,0,0,0,0,Zone 2
0,0,0,0,0,0,Zone 3
11.518987341772153,2369,27288.48101265823,11.163153786104605,1280,14288.836846213893,Zone 4
10.606060606060606,131,1389.3939393939393,4.198603304377448,11741,49295.80139669562,Collection Zone
0,0,0,0,0,0,Zone 0
0,0,0,0,0,0,Zone 1
0,0,0,0,0,0,Zone 2
0,0,0,0,0,0,Zone 3
11.561181434599156,2369,27388.438818565402,11.180124223602485,1287,14388.819875776398,Zone 4
10.606060606060606,131,1389.3939393939393,4.265603799185889,11791,50295.73439620081,Collection Zone
0,0,0,0,0,0,Zone 0
0,0,0,0,0,0,Zone 1
0,0,0,0,0,0,Zone 2
0,0,0,0,0,0,Zone 3
11.692697340650064,2368,27688.307302659352,11.484375,1279,14688.515625,Zone 4
11.278195488721805,132,1488.7218045112782,4.279203241053342,11847,50695.720796758935,Collection Zone
0,0,0,0,0,0,Zone 0
0,0,0,0,0,0,Zone 1
0,0,0,0,0,0,Zone 2
0,0,0,0,0,0,Zone 3
11.769686706181202,2361,27788.230313293818,11.301636788776305,1282,14488.698363211222,Zone 4
10.714285714285714,139,1489.2857142857142,4.3054154053144975,11891,51195.69458459469,Collection Zone
0,0,0,0,0,0,Zone 0
0,0,0,0,0,0,Zone 1
0,0,0,0,0,0,Zone 2
0,0,0,0,0,0,Zone 3
11.911827045358203,2358,28088.08817295464,11.640625,1279,14888.359375,Zone 4
10.48951048951049,142,1489.5104895104896,4.306661080854629,11934,51395.69333891914,Collection Zone
0,0,0,0,0,0,Zone 0
0,0,0,0,0,0,Zone 1
0,0,0,0,0,0,Zone 2
0,0,0,0,0,0,Zone 3
12.110874200426439,2344,28387.88912579957,11.631537861046057,1280,14888.368462138953,Zone 4
10.191082802547772,156,1589.8089171974525,4.314085447263017,11983,51695.685914552734,Collection Zone
0,0,0,0,0,0,Zone 0
0,0,0,0,0,0,Zone 1
0,0,0,0,0,0,Zone 2
0,0,0,0,0,0,Zone 3
12.099187687045745,2338,28287.900812312953,12.090483619344774,1281,15487.909516380654,Zone 4
10.429447852760736,162,1689.5705521472394,4.336989032901297,12035,52195.66301096711,Collection Zone
0,0,0,0,0,0,Zone 0
0,0,0,0,0,0,Zone 1
0,0,0,0,0,0,Zone 2
0,0,0,0,0,0,Zone 3
12.237011592958352,2328,28487.76298840704,11.838006230529595,1283,15188.16199376947,Zone 4
9.826589595375722,172,1690.1734104046243,4.370137394471114,12081,52795.62986260553,Collection Zone
0,0,0,0,0,0,Zone 0
0,0,0,0,0,0,Zone 1
0,0,0,0,0,0,Zone 2
0,0,0,0,0,0,Zone 3
12.301075268817204,2324,28587.698924731183,11.457521434138737,1282,14688.542478565862,Zone 4
9.6045197740113,176,1690.3954802259886,4.4323611797660245,12137,53795.56763882024,Collection Zone
0,0,0,0,0,0,Zone 0
0,0,0,0,0,0,Zone 1
0,0,0,0,0,0,Zone 2
0,0,0,0,0,0,Zone 3
12.359550561797752,2313,28587.6404494382,11.848341232227488,1265,14988.151658767772,Zone 4
10.106382978723403,187,1889.8936170212762,4.46648090476971,12201,54495.533519095225,Collection Zone
0,0,0,0,0,0,Zone 0
0,0,0,0,0,0,Zone 1
0,0,0,0,0,0,Zone 2
0,0,0,0,0,0,Zone 3
12.429623213512343,2308,28687.570376786487,11.85064935064935,1231,14588.14935064935,Zone 4
9.844559585492227,192,1890.1554404145077,4.500244578509702,12265,55195.49975542149,Collection Zone
0,0,0,0,0,0,Zone 0
0,0,0,0,0,0,Zone 1
0,0,0,0,0,0,Zone 2
0,0,0,0,0,0,Zone 3
12.50542770299609,2302,28787.494572297,11.953833470733718,1212,14488.046166529266,Zone 4
9.547738693467336,198,1890.4522613065326,4.5635081462267975,12336,56295.436491853776,Collection Zone
0,0,0,0,0,0,Zone 0
0,0,0,0,0,0,Zone 1
0,0,0,0,0,0,Zone 2
0,0,0,0,0,0,Zone 3
12.505446623093682,2294,28687.494553376906,12.103980503655565,1230,14887.896019496346,Zone 4
10.144927536231885,206,2089.8550724637685,4.579967689822293,12379,56695.42003231017,Collection Zone
0,0,0,0,0,0,Zone 0
0,0,0,0,0,0,Zone 1
0,0,0,0,0,0,Zone 2
0,0,0,0,0,0,Zone 3
12.494539100043687,2288,28587.505460899956,11.538461538461538,1221,14088.461538461539,Zone 4
10.328638497652582,212,2189.6713615023473,4.634322954380883,12428,57595.365677045615,Collection Zone
0,0,0,0,0,0,Zone 0
0,0,0,0,0,0,Zone 1
0,0,0,0,0,0,Zone 2
0,0,0,0,0,0,Zone 3
12.489044697633654,2281,28487.510955302365,11.725846407927333,1210,14188.274153592074,Zone 4
10.909090909090908,219,2389.090909090909,4.638679698766223,12481,57895.361320301236,Collection Zone
0,0,0,0,0,0,Zone 0
0,0,0,0,0,0,Zone 1
0,0,0,0,0,0,Zone 2
0,0,0,0,0,0,Zone 3
12.527472527472527,2274,28487.472527472528,11.735537190082644,1209,14188.264462809917,Zone 4
11.013215859030836,226,2488.986784140969,4.63872255489022,12524,58095.36127744511,Collection Zone
0,0,0,0,0,0,Zone 0
0,0,0,0,0,0,Zone 1
0,0,0,0,0,0,Zone 2
0,0,0,0,0,0,Zone 3
12.654320987654321,2267,28687.345679012345,12.143439282803586,1226,14887.856560717197,Zone 4
11.538461538461538,233,2688.4615384615386,4.644504533163671,12573,58395.355495466836,Collection Zone
0,0,0,0,0,0,Zone 0
0,0,0,0,0,0,Zone 1
0,0,0,0,0,0,Zone 2
0,0,0,0,0,0,Zone 3
12.941696113074205,2263,29287.058303886926,12.022745735174654,1230,14787.977254264824,Zone 4
11.344537815126051,237,2688.655462184874,4.692454026632848,12615,59195.30754597337,Collection Zone
0,0,0,0,0,0,Zone 0
0,0,0,0,0,0,Zone 1
0,0,0,0,0,0,Zone 2
0,0,0,0,0,0,Zone 3
13.047324192835028,2260,29486.952675807162,11.99021207177814,1225,14688.009787928222,Zone 4
11.618257261410788,240,2788.3817427385893,4.73746545598105,12664,59995.26253454401,Collection Zone
0,0,0,0,0,0,Zone 0
0,0,0,0,0,0,Zone 1
0,0,0,0,0,0,Zone 2
0,0,0,0,0,0,Zone 3
13.13220940550133,2253,29586.867790594497,11.65444172779136,1226,14288.345558272207,Zone 4
11.693548387096774,247,2888.3064516129034,4.781377791758415,12715,60795.21862220825,Collection Zone
0,0,0,0,0,0,Zone 0
0,0,0,0,0,0,Zone 1
0,0,0,0,0,0,Zone 2
0,0,0,0,0,0,Zone 3
13.194135939582408,2250,29686.805864060418,11.779041429731924,1230,14488.220958570266,Zone 4
11.952191235059761,250,2988.0478087649403,4.8122893643702485,12758,61395.18771063563,Collection Zone
0,0,0,0,0,0,Zone 0
0,0,0,0,0,0,Zone 1
0,0,0,0,0,0,Zone 2
0,0,0,0,0,0,Zone 3
13.342257920571173,2240,29886.657742079427,11.688311688311687,1231,14388.311688311687,Zone 4
11.494252873563218,260,2988.5057471264367,4.853687085446742,12814,62195.14631291455,Collection Zone
0,0,0,0,0,0,Zone 0
0,0,0,0,0,0,Zone 1
0,0,0,0,0,0,Zone 2
0,0,0,0,0,0,Zone 3
13.440860215053762,2231,29986.559139784942,12.143439282803586,1226,14887.856560717197,Zone 4
11.11111111111111,269,2988.8888888888887,4.858519900497512,12863,62495.141480099504,Collection Zone
0,0,0,0,0,0,Zone 0
0,0,0,0,0,0,Zone 1
0,0,0,0,0,0,Zone 2
0,0,0,0,0,0,Zone 3
13.452914798206278,2229,29986.547085201793,12.324234904880067,1208,14887.67576509512,Zone 4
11.397058823529411,271,3088.6029411764703,4.868044269019426,12920,62895.131955730976,Collection Zone
0,0,0,0,0,0,Zone 0
0,0,0,0,0,0,Zone 1
0,0,0,0,0,0,Zone 2
0,0,0,0,0,0,Zone 3
13.489208633093524,2223,29986.510791366905,12.146422628951747,1201,14587.853577371048,Zone 4
11.510791366906476,277,3188.4892086330938,4.880869766365949,12968,63295.11913023363,Collection Zone
0,0,0,0,0,0,Zone 0
0,0,0,0,0,0,Zone 1
0,0,0,0,0,0,Zone 2
0,0,0,0,0,0,Zone 3
13.537906137184116,2215,29986.462093862818,12,1199,14388,Zone 4
11.888111888111888,285,3388.111888111888,4.930118261403779,13021,64195.06988173861,Collection Zone
0,0,0,0,0,0,Zone 0
0,0,0,0,0,0,Zone 1
0,0,0,0,0,0,Zone 2
0,0,0,0,0,0,Zone 3
13.632246376811594,2207,30086.367753623188,11.86299081035923,1196,14188.137009189639,Zone 4
11.904761904761903,293,3488.0952380952376,4.977444758773607,13078,65095.02255524123,Collection Zone
0,0,0,0,0,0,Zone 0
0,0,0,0,0,0,Zone 1
0,0,0,0,0,0,Zone 2
0,0,0,0,0,0,Zone 3
13.702359346642467,2203,30186.297640653356,11.858704793944492,1188,14088.141295206056,Zone 4
12.080536912751679,297,3587.9194630872485,5.004951626418832,13126,65694.99504837359,Collection Zone
0,0,0,0,0,0,Zone 0
0,0,0,0,0,0,Zone 1
0,0,0,0,0,0,Zone 2
0,0,0,0,0,0,Zone 3
13.791533909877105,2196,30286.20846609012,12.626262626262626,1187,14987.373737373737,Zone 4
11.80327868852459,304,3588.196721311476,5.009867921663883,13173,65994.99013207832,Collection Zone
0,0,0,0,0,0,Zone 0
0,0,0,0,0,0,Zone 1
0,0,0,0,0,0,Zone 2
0,0,0,0,0,0,Zone 3
13.789954337899543,2189,30186.2100456621,12.981574539363482,1193,15487.018425460634,Zone 4
12.179487179487179,311,3787.8205128205127,5.032541244135008,13213,66494.96745875587,Collection Zone
0,0,0,0,0,0,Zone 0
0,0,0,0,0,0,Zone 1
0,0,0,0,0,0,Zone 2
0,0,0,0,0,0,Zone 3
13.886342804766269,2181,30286.113657195234,13.282571912013536,1181,15686.717428087986,Zone 4
11.875,319,3788.125,5.036188178528348,13263,66794.96381182148,Collection Zone
0,0,0,0,0,0,Zone 0
0,0,0,0,0,0,Zone 1
0,0,0,0,0,0,Zone 2
0,0,0,0,0,0,Zone 3
13.93103448275862,2174,30286.06896551724,12.756849315068495,1167,14887.243150684933,Zone 4
11.926605504587156,326,3888.073394495413,5.1137643613426444,13316,68094.88623563865,Collection Zone
0,0,0,0,0,0,Zone 0
0,0,0,0,0,0,Zone 1
0,0,0,0,0,0,Zone 2
0,0,0,0,0,0,Zone 3
14.127423822714682,2165,30585.872576177288,13.13304721030043,1164,15286.866952789702,Zone 4
12.202380952380953,335,4087.7976190476193,5.117845117845118,13364,68394.88215488216,Collection Zone
0,0,0,0,0,0,Zone 0
0,0,0,0,0,0,Zone 1
0,0,0,0,0,0,Zone 2
0,0,0,0,0,0,Zone 3
14.272474513438368,2157,30785.72752548656,13.47639484978541,1164,15686.523605150216,Zone 4
12.5,343,4287.5,5.134128166915052,13419,68894.86587183308,Collection Zone
0,0,0,0,0,0,Zone 0
0,0,0,0,0,0,Zone 1
0,0,0,0,0,0,Zone 2
0,0,0,0,0,0,Zone 3
14.465116279069768,2149,31085.53488372093,13.080895008605854,1161,15186.919104991397,Zone 4
12.5,351,4387.5,5.183040023761788,13466,69794.81695997623,Collection Zone
0,0,0,0,0,0,Zone 0
0,0,0,0,0,0,Zone 1
0,0,0,0,0,0,Zone 2
0,0,0,0,0,0,Zone 3
14.572629612330687,2140,31185.427370387668,13.036020583190394,1165,15186.963979416809,Zone 4
12.18836565096953,360,4387.811634349031,5.193746758538935,13496,70094.80625324146,Collection Zone
0,0,0,0,0,0,Zone 0
0,0,0,0,0,0,Zone 1
0,0,0,0,0,0,Zone 2
0,0,0,0,0,0,Zone 3
14.507042253521126,2129,30885.49295774648,12.554112554112553,1154,14487.445887445887,Zone 4
12.634408602150538,371,4687.365591397849,5.247619750535095,13548,71094.75238024947,Collection Zone
0,0,0,0,0,0,Zone 0
0,0,0,0,0,0,Zone 1
0,0,0,0,0,0,Zone 2
0,0,0,0,0,0,Zone 3
14.454416627302788,2116,30585.5455833727,12.445604873803308,1148,14287.554395126197,Zone 4
12.987012987012985,384,4987.012987012986,5.290227773695812,13609,71994.70977222631,Collection Zone
0,0,0,0,0,0,Zone 0
0,0,0,0,0,0,Zone 1
0,0,0,0,0,0,Zone 2
0,0,0,0,0,0,Zone 3
14.461830251303937,2108,30485.5381697487,13.228894691035684,1148,15186.771105308966,Zone 4
12.977099236641221,392,5087.022900763359,5.282051282051282,13649,72094.71794871795,Collection Zone
0,0,0,0,0,0,Zone 0
0,0,0,0,0,0,Zone 1
0,0,0,0,0,0,Zone 2
0,0,0,0,0,0,Zone 3
14.394299287410927,2104,30285.60570071259,13.315926892950392,1148,15286.68407310705,Zone 4
13.350125944584383,396,5286.649874055415,5.295062810400234,13691,72494.7049371896,Collection Zone
0,0,0,0,0,0,Zone 0
0,0,0,0,0,0,Zone 1
0,0,0,0,0,0,Zone 2
0,0,0,0,0,0,Zone 3
14.51073985680191,2094,30385.4892601432,13.699825479930192,1145,15686.30017452007,Zone 4
13.267813267813267,406,5386.732186732186,5.293432357652541,13733,72694.70656764234,Collection Zone
0,0,0,0,0,0,Zone 0
0,0,0,0,0,0,Zone 1
0,0,0,0,0,0,Zone 2
0,0,0,0,0,0,Zone 3
14.59433509361498,2082,30385.40566490639,13.68888888888889,1124,15386.311111111112,Zone 4
13.365155131264917,418,5586.634844868735,5.333333333333334,13799,73594.66666666667,Collection Zone
0,0,0,0,0,0,Zone 0
0,0,0,0,0,0,Zone 1
0,0,0,0,0,0,Zone 2
0,0,0,0,0,0,Zone 3
14.650602409638555,2074,30385.349397590362,13.652482269503546,1127,15386.347517730495,Zone 4
14.05152224824356,426,5985.948477751756,5.366170735230391,13845,74294.63382926476,Collection Zone
0,0,0,0,0,0,Zone 0
0,0,0,0,0,0,Zone 1
0,0,0,0,0,0,Zone 2
0,0,0,0,0,0,Zone 3
14.789753504108266,2068,30585.21024649589,13.410301953818829,1125,15086.589698046182,Zone 4
13.856812933025402,432,5986.143187066974,5.399568034557236,13889,74994.60043196545,Collection Zone
0,0,0,0,0,0,Zone 0
0,0,0,0,0,0,Zone 1
0,0,0,0,0,0,Zone 2
0,0,0,0,0,0,Zone 3
14.912280701754385,2051,30585.087719298244,13.494191242180516,1118,15086.505808757818,Zone 4
13.555555555555557,449,6086.444444444445,5.415291923683832,13941,75494.5847080763,Collection Zone
0,0,0,0,0,0,Zone 0
0,0,0,0,0,0,Zone 1
0,0,0,0,0,0,Zone 2
0,0,0,0,0,0,Zone 3
14.992650661440472,2040,30585.00734933856,13.309352517985612,1111,14786.690647482015,Zone 4
13.665943600867678,460,6286.334056399131,5.461433983844449,13988,76394.53856601616,Collection Zone
0,0,0,0,0,0,Zone 0
0,0,0,0,0,0,Zone 1
0,0,0,0,0,0,Zone 2
0,0,0,0,0,0,Zone 3
15.115706548498276,2030,30684.884293451498,13.780598368087036,1102,15186.219401631914,Zone 4
13.588110403397028,470,6386.411889596603,5.474868289904599,14045,76894.52513171009,Collection Zone
0,0,0,0,0,0,Zone 0
0,0,0,0,0,0,Zone 1
0,0,0,0,0,0,Zone 2
0,0,0,0,0,0,Zone 3
15.141019297377536,2020,30584.858980702622,14.168937329700274,1100,15585.8310626703,Zone 4
13.721413721413722,480,6586.278586278587,5.514549325762952,14089,77694.48545067424,Collection Zone
0,0,0,0,0,0,Zone 0
0,0,0,0,0,0,Zone 1
0,0,0,0,0,0,Zone 2
0,0,0,0,0,0,Zone 3
15.101838052657726,2012,30384.898161947345,14.37613019891501,1105,15885.623869801087,Zone 4
14.314928425357873,488,6985.685071574642,5.527638190954774,14128,78094.47236180905,Collection Zone
0,0,0,0,0,0,Zone 0
0,0,0,0,0,0,Zone 1
0,0,0,0,0,0,Zone 2
0,0,0,0,0,0,Zone 3
15.084915084915085,2001,30184.915084915086,15.703971119133575,1107,17384.296028880868,Zone 4
14.6,499,7285.4,5.518701482004235,14169,78194.481298518,Collection Zone
0,0,0,0,0,0,Zone 0
0,0,0,0,0,0,Zone 1
0,0,0,0,0,0,Zone 2
0,0,0,0,0,0,Zone 3
15.168257157207435,1990,30184.831742842794,15.64501372369625,1092,17084.354986276307,Zone 4
14.481409001956946,510,7385.518590998043,5.5481330426833555,14220,78894.45186695732,Collection Zone
0,0,0,0,0,0,Zone 0
0,0,0,0,0,0,Zone 1
0,0,0,0,0,0,Zone 2
0,0,0,0,0,0,Zone 3
15.159171298635673,1978,29984.840828701363,15.506035283194059,1076,16684.493964716807,Zone 4
14.722753346080305,522,7685.277246653919,5.576182136602452,14274,79594.4238178634,Collection Zone
0,0,0,0,0,0,Zone 0
0,0,0,0,0,0,Zone 1
0,0,0,0,0,0,Zone 2
0,0,0,0,0,0,Zone 3
15.314401622718051,1971,30184.68559837728,15.22748375116063,1076,16384.77251624884,Zone 4
14.528301886792452,529,7685.471698113207,5.602514844568635,14314,80194.39748515544,Collection Zone
0,0,0,0,0,0,Zone 0
0,0,0,0,0,0,Zone 1
0,0,0,0,0,0,Zone 2
0,0,0,0,0,0,Zone 3
15.396341463414634,1967,30284.603658536587,14.69767441860465,1074,15785.302325581395,Zone 4
14.41947565543071,533,7685.580524344569,5.668128960378803,14360,81394.33187103961,Collection Zone
0,0,0,0,0,0,Zone 0
0,0,0,0,0,0,Zone 1
0,0,0,0,0,0,Zone 2
0,0,0,0,0,0,Zone 3
15.48288196218702,1956,30284.517118037813,14.446529080675422,1065,15385.553470919323,Zone 4
14.495412844036698,544,7885.504587155964,5.719441937946831,14406,82394.28055806205,Collection Zone
0,0,0,0,0,0,Zone 0
0,0,0,0,0,0,Zone 1
0,0,0,0,0,0,Zone 2
0,0,0,0,0,0,Zone 3
15.546434068753207,1948,30284.453565931246,14.37908496732026,1070,15385.620915032678,Zone 4
14.466546112115733,552,7985.533453887884,5.739010038075459,14444,82894.26098996193,Collection Zone
0,0,0,0,0,0,Zone 0
0,0,0,0,0,0,Zone 1
0,0,0,0,0,0,Zone 2
0,0,0,0,0,0,Zone 3
15.765069551777433,1940,30584.23493044822,14.735866543095458,1078,15885.264133456903,Zone 4
14.260249554367203,560,7985.739750445634,5.7580778790389395,14483,83394.24192212096,Collection Zone
0,0,0,0,0,0,Zone 0
0,0,0,0,0,0,Zone 1
0,0,0,0,0,0,Zone 2
0,0,0,0,0,0,Zone 3
15.811301192327631,1928,30484.188698807673,14.939309056956116,1070,15985.060690943044,Zone 4
14.136125654450263,572,8085.86387434555,5.788423153692615,14528,84094.21157684631,Collection Zone
0,0,0,0,0,0,Zone 0
0,0,0,0,0,0,Zone 1
0,0,0,0,0,0,Zone 2
0,0,0,0,0,0,Zone 3
15.844155844155845,1924,30484.155844155845,14.89563567362429,1053,15685.104364326377,Zone 4
14.038128249566725,576,8085.961871750434,5.8214481623697205,14583,84894.17855183763,Collection Zone
0,0,0,0,0,0,Zone 0
0,0,0,0,0,0,Zone 1
0,0,0,0,0,0,Zone 2
0,0,0,0,0,0,Zone 3
15.822454308093995,1914,30284.177545691906,15.281757402101242,1046,15984.718242597899,Zone 4
14.139693356047701,586,8285.860306643954,5.831282471971561,14627,85294.16871752802,Collection Zone
0,0,0,0,0,0,Zone 0
0,0,0,0,0,0,Zone 1
0,0,0,0,0,0,Zone 2
0,0,0,0,0,0,Zone 3
16.018907563025213,1903,30483.98109243698,15.174363807728557,1060,16084.82563619227,Zone 4
13.879598662207357,597,8286.120401337792,5.845041604146774,14661,85694.15495839585,Collection Zone
0,0,0,0,0,0,Zone 0
0,0,0,0,0,0,Zone 1
0,0,0,0,0,0,Zone 2
0,0,0,0,0,0,Zone 3
16.154661016949152,1887,30483.84533898305,15.318744053282588,1050,16084.681255946718,Zone 4
13.843648208469055,613,8486.156351791531,5.862749098823369,14702,86194.13725090117,Collection Zone
0,0,0,0,0,0,Zone 0
0,0,0,0,0,0,Zone 1
0,0,0,0,0,0,Zone 2
0,0,0,0,0,0,Zone 3
16.249334043686734,1876,30483.75066595631,15.809893307468478,1030,16284.190106692533,Zone 4
13.76,624,8586.24,5.881555766364006,14757,86794.11844423364,Collection Zone
0,0,0,0,0,0,Zone 0
0,0,0,0,0,0,Zone 1
0,0,0,0,0,0,Zone 2
0,0,0,0,0,0,Zone 3
16.17409994626545,1860,30083.825900053736,16.25,1039,16883.75,Zone 4
14.040561622464898,640,8985.959438377535,5.933234220840654,14797,87794.06676577915,Collection Zone
0,0,0,0,0,0,Zone 0
0,0,0,0,0,0,Zone 1
0,0,0,0,0,0,Zone 2
0,0,0,0,0,0,Zone 3
16.341991341991342,1847,30183.658008658007,16.55372700871249,1032,17083.44627299129,Zone 4
13.761467889908257,653,8986.238532110092,5.9568733153638815,14839,88394.04312668464,Collection Zone
0,0,0,0,0,0,Zone 0
0,0,0,0,0,0,Zone 1
0,0,0,0,0,0,Zone 2
0,0,0,0,0,0,Zone 3
16.430903155603918,1837,30183.569096844396,16.77917068466731,1036,17383.220829315334,Zone 4
13.704819277108435,663,9086.295180722893,5.98158478392365,14878,88994.01841521607,Collection Zone
0,0,0,0,0,0,Zone 0
0,0,0,0,0,0,Zone 1
0,0,0,0,0,0,Zone 2
0,0,0,0,0,0,Zone 3
16.484118291347208,1825,30083.515881708656,16.78048780487805,1024,17183.219512195123,Zone 4
13.905325443786982,675,9386.094674556212,5.997051728759046,14923,89494.00294827124,Collection Zone
0,0,0,0,0,0,Zone 0
0,0,0,0,0,0,Zone 1
0,0,0,0,0,0,Zone 2
0,0,0,0,0,0,Zone 3
16.5380374862183,1813,29983.46196251378,16.945812807881776,1014,17183.05418719212,Zone 4
14.098837209302326,687,9685.901162790698,6.024176851666333,14972,90193.97582314833,Collection Zone
0,0,0,0,0,0,Zone 0
0,0,0,0,0,0,Zone 1
0,0,0,0,0,0,Zone 2
0,0,0,0,0,0,Zone 3
16.70366259711432,1801,30083.29633740289,17.04433497536946,1014,17282.95566502463,Zone 4
14.000000000000002,699,9786.000000000002,6.040626040626041,15014,90693.95937395938,Collection Zone
0,0,0,0,0,0,Zone 0
0,0,0,0,0,0,Zone 1
0,0,0,0,0,0,Zone 2
0,0,0,0,0,0,Zone 3
16.70391061452514,1789,29883.296089385472,17.490118577075098,1011,17682.509881422924,Zone 4
14.04494382022472,711,9985.955056179777,6.055776892430279,15059,91193.94422310757,Collection Zone
0,0,0,0,0,0,Zone 0
0,0,0,0,0,0,Zone 1
0,0,0,0,0,0,Zone 2
0,0,0,0,0,0,Zone 3
16.85456595264938,1773,29883.145434047354,17.45562130177515,1013,17682.544378698225,Zone 4
13.873626373626374,727,10086.126373626374,6.079470198675497,15099,91793.92052980133,Collection Zone
0,0,0,0,0,0,Zone 0
0,0,0,0,0,0,Zone 1
0,0,0,0,0,0,Zone 2
0,0,0,0,0,0,Zone 3
17.035775127768314,1760,29982.964224872234,17.046580773042617,1008,17182.953419226957,Zone 4
13.765182186234817,740,10186.234817813765,6.113018220227093,15147,92593.88698177978,Collection Zone
0,0,0,0,0,0,Zone 0
0,0,0,0,0,0,Zone 1
0,0,0,0,0,0,Zone 2
0,0,0,0,0,0,Zone 3
17.11505437893532,1746,29882.884945621066,16.35282457879088,1008,16483.647175421207,Zone 4
13.90728476821192,754,10486.092715231787,6.175115207373272,15189,93793.82488479263,Collection Zone
0,0,0,0,0,0,Zone 0
0,0,0,0,0,0,Zone 1
0,0,0,0,0,0,Zone 2
0,0,0,0,0,0,Zone 3
17.183908045977013,1739,29882.816091954024,16.50197628458498,1011,16683.498023715416,Zone 4
13.910761154855644,761,10586.089238845145,6.196665353813838,15233,94393.80333464619,Collection Zone
0,0,0,0,0,0,Zone 0
0,0,0,0,0,0,Zone 1
0,0,0,0,0,0,Zone 2
0,0,0,0,0,0,Zone 3
17.109826589595375,1729,29582.890173410404,16.019900497512438,1004,16083.980099502487,Zone 4
14.248704663212436,771,10985.751295336788,6.277410486352032,15276,95893.72258951364,Collection Zone
0,0,0,0,0,0,Zone 0
0,0,0,0,0,0,Zone 1
0,0,0,0,0,0,Zone 2
0,0,0,0,0,0,Zone 3
17.112922002328286,1717,29382.887077997668,16.55104063429138,1008,16683.44895936571,Zone 4
14.285714285714285,783,11185.714285714284,6.2953046431136945,15312,96393.7046953569,Collection Zone
0,0,0,0,0,0,Zone 0
0,0,0,0,0,0,Zone 1
0,0,0,0,0,0,Zone 2
0,0,0,0,0,0,Zone 3
17.156286721504113,1701,29182.843713278497,16.733067729083665,1003,16783.266932270915,Zone 4
14.249999999999998,799,11385.749999999998,6.299263891603153,15350,96693.7007361084,Collection Zone
0,0,0,0,0,0,Zone 0
0,0,0,0,0,0,Zone 1
0,0,0,0,0,0,Zone 2
0,0,0,0,0,0,Zone 3
17.267888823181547,1690,29182.732111176814,17.08291708291708,1000,17082.91708291708,Zone 4
14.180024660912455,810,11485.819975339089,6.302384510428172,15390,96993.69761548957,Collection Zone
0,0,0,0,0,0,Zone 0
0,0,0,0,0,0,Zone 1
0,0,0,0,0,0,Zone 2
0,0,0,0,0,0,Zone 3
17.18377088305489,1675,28782.816229116943,17.15736040609137,984,16882.84263959391,Zone 4
14.40677966101695,825,11885.593220338984,6.323291221250404,15434,97593.67670877873,Collection Zone
0,0,0,0,0,0,Zone 0
0,0,0,0,0,0,Zone 1
0,0,0,0,0,0,Zone 2
0,0,0,0,0,0,Zone 3
17.21655668866227,1666,28682.783443311342,17.038539553752535,985,16782.961460446248,Zone 4
14.491017964071856,834,12085.508982035928,6.346949327817994,15471,98193.65305067218,Collection Zone
0,0,0,0,0,0,Zone 0
0,0,0,0,0,0,Zone 1
0,0,0,0,0,0,Zone 2
0,0,0,0,0,0,Zone 3
17.23930078360458,1658,28582.760699216393,17.341640706126686,962,16682.658359293873,Zone 4
14.590747330960854,842,12285.409252669038,6.361585562359007,15514,98693.63841443764,Collection Zone
0,0,0,0,0,0,Zone 0
0,0,0,0,0,0,Zone 1
0,0,0,0,0,0,Zone 2
0,0,0,0,0,0,Zone 3
17.18275652701882,1646,28282.81724347298,17.19409282700422,947,16282.805907172995,Zone 4
14.736842105263156,854,12585.263157894735,6.393779719830356,15561,99493.60622028017,Collection Zone
0,0,0,0,0,0,Zone 0
0,0,0,0,0,0,Zone 1
0,0,0,0,0,0,Zone 2
0,0,0,0,0,0,Zone 3
17.256097560975608,1639,28282.743902439022,17.19409282700422,947,16282.805907172995,Zone 4
14.733178654292342,861,12685.266821345705,6.429899352522598,15598,100293.57010064747,Collection Zone
0,0,0,0,0,0,Zone 0
0,0,0,0,0,0,Zone 1
0,0,0,0,0,0,Zone 2
0,0,0,0,0,0,Zone 3
17.32186732186732,1627,28182.678132678127,17.647058823529413,934,16482.352941176472,Zone 4
14.645308924485127,873,12785.354691075516,6.446249280552535,15636,100793.55375071944,Collection Zone
0,0,0,0,0,0,Zone 0
0,0,0,0,0,0,Zone 1
0,0,0,0,0,0,Zone 2
0,0,0,0,0,0,Zone 3
17.574257425742573,1615,28382.425742574254,17.97872340425532,939,16882.021276595744,Zone 4
14.559819413092551,885,12885.440180586907,6.469312236825315,15673,101393.53068776317,Collection Zone
0,0,0,0,0,0,Zone 0
0,0,0,0,0,0,Zone 1
0,0,0,0,0,0,Zone 2
0,0,0,0,0,0,Zone 3
17.66541822721598,1601,28282.334581772786,18.776824034334762,931,17481.223175965664,Zone 4
14.444444444444443,899,12985.555555555555,6.48136369418649,15721,101893.5186363058,Collection Zone
0,0,0,0,0,0,Zone 0
0,0,0,0,0,0,Zone 1
0,0,0,0,0,0,Zone 2
0,0,0,0,0,0,Zone 3
17.911392405063292,1579,28282.08860759494,18.73015873015873,944,17681.26984126984,Zone 4
14.316702819956618,921,13185.683297180045,6.500349139846379,15752,102393.49965086016,Collection Zone
0,0,0,0,0,0,Zone 0
0,0,0,0,0,0,Zone 1
0,0,0,0,0,0,Zone 2
0,0,0,0,0,0,Zone 3
18.0306905370844,1563,28181.96930946292,18.404255319148934,939,17281.59574468085,Zone 4
14.285714285714285,937,13385.714285714284,6.536610083607804,15787,103193.4633899164,Collection Zone
0,0,0,0,0,0,Zone 0
0,0,0,0,0,0,Zone 1
0,0,0,0,0,0,Zone 2
0,0,0,0,0,0,Zone 3
18.129032258064516,1549,28081.870967741936,17.35357917570499,921,15982.646420824296,Zone 4
14.390756302521007,951,13685.609243697478,6.623729241649302,15836,104893.37627075835,Collection Zone
0,0,0,0,0,0,Zone 0
0,0,0,0,0,0,Zone 1
0,0,0,0,0,0,Zone 2
0,0,0,0,0,0,Zone 3
18.205461638491546,1537,27981.794538361504,17.19260065288357,918,15782.807399347117,Zone 4
14.315352697095435,963,13785.684647302904,6.659526209677419,15871,105693.34047379032,Collection Zone
0,0,0,0,0,0,Zone 0
0,0,0,0,0,0,Zone 1
0,0,0,0,0,0,Zone 2
0,0,0,0,0,0,Zone 3
18.384766907419568,1522,27981.615233092583,16.831683168316832,908,15283.168316831683,Zone 4
14.096016343207355,978,13785.903983656794,6.698083568960101,15914,106593.30191643104,Collection Zone
0,0,0,0,0,0,Zone 0
0,0,0,0,0,0,Zone 1
0,0,0,0,0,0,Zone 2
0,0,0,0,0,0,Zone 3
18.535620052770447,1515,28081.46437994723,16.75915649278579,900,15083.240843507212,Zone 4
13.995943204868155,985,13786.004056795133,6.709305242036619,15947,106993.29069475796,Collection Zone
0,0,0,0,0,0,Zone 0
0,0,0,0,0,0,Zone 1
0,0,0,0,0,0,Zone 2
0,0,0,0,0,0,Zone 3
18.704074816299265,1496,27981.295925183702,16.722783389450054,890,14883.277216610548,Zone 4
13.930348258706468,1004,13986.069651741294,6.73672358791518,15986,107693.26327641206,Collection Zone
0,0,0,0,0,0,Zone 0
0,0,0,0,0,0,Zone 1
0,0,0,0,0,0,Zone 2
0,0,0,0,0,0,Zone 3
18.62811028917283,1486,27681.371889710827,16.90929451287794,892,15083.09070548712,Zone 4
14.088669950738916,1014,14285.91133004926,6.7627425291658865,16028,108393.23725747083,Collection Zone
0,0,0,0,0,0,Zone 0
0,0,0,0,0,0,Zone 1
0,0,0,0,0,0,Zone 2
0,0,0,0,0,0,Zone 3
18.7711006076975,1480,27781.228899392303,16.928251121076233,891,15083.071748878923,Zone 4
14.005876591576886,1020,14285.994123408424,6.807292638914815,16070,109393.19270736107,Collection Zone
0,0,0,0,0,0,Zone 0
0,0,0,0,0,0,Zone 1
0,0,0,0,0,0,Zone 2
0,0,0,0,0,0,Zone 3
18.805159538357096,1472,27681.194840461645,17.103762827822123,876,14982.896237172181,Zone 4
13.994169096209912,1028,14386.00583090379,6.82678582511016,16112,109993.1732141749,Collection Zone
0,0,0,0,0,0,Zone 0
0,0,0,0,0,0,Zone 1
0,0,0,0,0,0,Zone 2
0,0,0,0,0,0,Zone 3
18.935729094678646,1446,27381.06427090532,17.62632197414806,850,14982.37367802585,Zone 4
13.933649289099526,1054,14686.0663507109,6.827184946769002,16155,110293.17281505323,Collection Zone
0,0,0,0,0,0,Zone 0
0,0,0,0,0,0,Zone 1
0,0,0,0,0,0,Zone 2
0,0,0,0,0,0,Zone 3
19.16083916083916,1429,27380.83916083916,17.66109785202864,837,14782.33890214797,Zone 4
13.805970149253731,1071,14786.194029850747,6.8465242622546,16197,110893.15347573775,Collection Zone
0,0,0,0,0,0,Zone 0
0,0,0,0,0,0,Zone 1
0,0,0,0,0,0,Zone 2
0,0,0,0,0,0,Zone 3
19.06779661016949,1415,26980.93220338983,18.719806763285025,827,15481.280193236715,Zone 4
13.996316758747698,1085,15186.003683241252,6.875961834410588,16244,111693.1240381656,Collection Zone
0,0,0,0,0,0,Zone 0
0,0,0,0,0,0,Zone 1
0,0,0,0,0,0,Zone 2
0,0,0,0,0,0,Zone 3
19.06116642958748,1405,26780.93883357041,18.401937046004843,825,15181.598062953995,Zone 4
14.051094890510948,1095,15385.948905109488,6.909894969596462,16280,112493.09010503041,Collection Zone
0,0,0,0,0,0,Zone 0
0,0,0,0,0,0,Zone 1
0,0,0,0,0,0,Zone 2
0,0,0,0,0,0,Zone 3
19.044170890658943,1380,26280.95582910934,17.66871165644172,814,14382.33128834356,Zone 4
14.362176628010706,1120,16085.637823371992,6.954230745665094,16320,113493.04576925433,Collection Zone
0,0,0,0,0,0,Zone 0
0,0,0,0,0,0,Zone 1
0,0,0,0,0,0,Zone 2
0,0,0,0,0,0,Zone 3
19.096965210954846,1350,25780.90303478904,17.769607843137255,815,14482.230392156862,Zone 4
14.422241529105126,1150,16585.577758470896,6.964656964656965,16353,113893.03534303534,Collection Zone
0,0,0,0,0,0,Zone 0
0,0,0,0,0,0,Zone 1
0,0,0,0,0,0,Zone 2
0,0,0,0,0,0,Zone 3
19.00826446280992,1330,25280.99173553719,17.617866004962778,805,14182.382133995035,Zone 4
14.602903501280956,1170,17085.397096498717,6.991641754621439,16390,114593.00835824538,Collection Zone
0,0,0,0,0,0,Zone 0
0,0,0,0,0,0,Zone 1
0,0,0,0,0,0,Zone 2
0,0,0,0,0,0,Zone 3
19.015151515151516,1319,25080.984848484848,18.02252816020025,798,14381.977471839798,Zone 4
14.636209813874789,1181,17285.363790186126,7.004080638284914,16418,114992.99591936171,Collection Zone
0,0,0,0,0,0,Zone 0
0,0,0,0,0,0,Zone 1
0,0,0,0,0,0,Zone 2
0,0,0,0,0,0,Zone 3
18.974751338944145,1306,24781.025248661055,18.11320754716981,794,14381.88679245283,Zone 4
14.728033472803348,1194,17585.271966527198,7.018290089323692,16456,115492.98170991067,Collection Zone
0,0,0,0,0,0,Zone 0
0,0,0,0,0,0,Zone 1
0,0,0,0,0,0,Zone 2
0,0,0,0,0,0,Zone 3
18.91891891891892,1294,24481.08108108108,18.513853904282115,793,14681.486146095718,Zone 4
14.830157415078707,1206,17885.16984258492,7.027978394125143,16476,115792.97202160586,Collection Zone
0,0,0,0,0,0,Zone 0
0,0,0,0,0,0,Zone 1
0,0,0,0,0,0,Zone 2
0,0,0,0,0,0,Zone 3
18.939984411535463,1282,24281.060015588464,18.678526048284624,786,14681.321473951715,Zone 4
14.848236259228875,1218,18085.15176374077,7.038585014234659,16508,116192.96141498575,Collection Zone
0,0,0,0,0,0,Zone 0
0,0,0,0,0,0,Zone 1
0,0,0,0,0,0,Zone 2
0,0,0,0,0,0,Zone 3
18.91679748822606,1273,24081.083202511774,18.67704280155642,770,14381.322957198445,Zone 4
14.90228013029316,1227,18285.097719869707,7.071195455094887,16545,116992.92880454489,Collection Zone
