0.03998400639744103,2500,0.9996001599360256,0,46,0,0,0,0,0,0,0
0.03998400639744103,2500,0.9996001599360256,0,99,0,0,0,0,0,0,0
0.03998400639744103,2500,0.9996001599360256,0,153,0,0,0,0,0,0,0
0.03998400639744103,2500,0.9996001599360256,0,205,0,0,0,0,0,0,0
0.07996801279488205,2500,1.9992003198720512,0,256,0,0,0,0,0,0,0
0.07996801279488205,2500,1.9992003198720512,0,296,0,0,0,0,0,0,0
0.07996801279488205,2500,1.9992003198720512,0,339,0,0,0,0,0,0,0
0.07996801279488205,2500,1.9992003198720512,0,383,0,0,0,0,0,0,0
0.07996801279488205,2500,1.9992003198720512,0,439,0,0,0,0,0,0,0
0.07996801279488205,2500,1.9992003198720512,0,495,0,0,0,0,0,0,0
0.11995201919232307,2500,2.998800479808077,0,559,0,0,0,0,0,0,0
0.11995201919232307,2500,2.998800479808077,0,617,0,0,0,0,0,0,0
0.11995201919232307,2500,2.998800479808077,0,670,0,0,0,0,0,0,0
0.11995201919232307,2500,2.998800479808077,0,731,0,0,0,0,0,0,0
0.1599360255897641,2500,3.9984006397441023,0.12547051442910914,796,0.9987452948557088,0,0,0,0,0,0
0.1599360255897641,2500,3.9984006397441023,0.11737089201877934,851,0.9988262910798122,0,0,0,0,0,0
0.1599360255897641,2500,3.9984006397441023,0.3325942350332594,901,2.9966740576496673,0,0,0,0,0,0
0.1599360255897641,2500,3.9984006397441023,0.4166666666666667,959,3.995833333333333,0,0,0,0,0,0
0.1599360255897641,2500,3.9984006397441023,0.39100684261974583,1022,3.9960899315738025,0,0,0,0,0,0
0.1599360255897641,2500,3.9984006397441023,0.3727865796831314,1072,3.9962721342031684,0,0,0,0,0,0
0.19992003198720512,2500,4.998000799680128,0.35842293906810035,1115,3.996415770609319,0,0,0,0,0,0
0.19992003198720512,2500,4.998000799680128,0.3418803418803419,1169,3.9965811965811966,0,0,0,0,0,0
0.23990403838464613,2500,5.997600959616154,0.32733224222585927,1221,3.9967266775777417,0,0,0,0,0,0
0.23990403838464613,2500,5.997600959616154,0.3147128245476003,1270,3.996852871754524,0,0,0,0,0,0
0.23990403838464613,2500,5.997600959616154,0.3021148036253776,1323,3.996978851963746,0,0,0,0,0,0
0.23990403838464613,2500,5.997600959616154,0.37650602409638556,1327,4.996234939759036,0,0,0,0,46,0
0.23990403838464613,2500,5.997600959616154,0.4507888805409466,1330,5.99549211119459,0,0,0,0,99,0
0.23990403838464613,2500,5.997600959616154,0.3756574004507889,1330,4.996243425995492,0,0,0,0.6493506493506493,153,0.9935064935064936
0.23990403838464613,2500,5.997600959616154,0.37678975131876413,1326,4.996232102486813,0,0,0,0.48543689320388345,205,0.9951456310679611
0.23990403838464613,2500,5.997600959616154,0.3770739064856712,1325,4.996229260935143,0,0,0,0.38910505836575876,256,0.9961089494163424
0.2798880447820872,2500,6.997201119552179,0.37230081906180196,1342,4.996276991809382,0,0,0,0.33670033670033667,296,0.9966329966329965
0.2798880447820872,2500,6.997201119552179,0.3714710252600297,1345,4.9962852897474,0,0,0,0.29411764705882354,339,0.9970588235294118
0.2798880447820872,2500,6.997201119552179,0.29563932002956395,1352,3.9970436067997044,0,0,0,0.5208333333333333,383,1.9947916666666665
0.2798880447820872,2500,6.997201119552179,0.2982848620432513,1340,3.997017151379567,0,0,0,0.45454545454545453,439,1.9954545454545454
0.2798880447820872,2500,6.997201119552179,0.2952029520295203,1354,3.997047970479705,0,0,0,0.4032258064516129,495,1.9959677419354838
0.2798880447820872,2500,6.997201119552179,0.3703703703703704,1349,4.996296296296297,0,0,0,0.35714285714285715,559,1.9964285714285714
0.2798880447820872,2500,6.997201119552179,0.3703703703703704,1349,4.996296296296297,0,0,0,0.3236245954692557,617,1.9967637540453076
0.2798880447820872,2500,6.997201119552179,0.37064492216456635,1348,4.996293550778354,0,0,0,0.29806259314456035,670,1.9970193740685545
0.2798880447820872,2500,6.997201119552179,0.3756574004507889,1330,4.996243425995492,0,0,0,0.273224043715847,731,1.9972677595628416
0.2798880447820872,2500,6.997201119552179,0.3799392097264438,1315,4.996200607902736,0,0,0,0.2509410288582183,796,1.9974905897114177
0.3198720511795282,2500,7.996801279488205,0.38580246913580246,1295,4.996141975308642,0,0,0,0.2347417840375587,851,1.9976525821596245
0.3598560575769692,2500,8.99640143942423,0.30792917628945343,1298,3.996920708237105,0,0,0,0.3325942350332594,901,2.9966740576496673
0.3598560575769692,2500,8.99640143942423,0.23273855702094648,1288,2.9976726144297907,0,0,0,0.4166666666666667,959,3.995833333333333
0.39984006397441024,2500,9.996001599360255,0.2347417840375587,1277,2.9976525821596245,0,0,0,0.39100684261974583,1022,3.9960899315738025
0.39984006397441024,2500,9.996001599360255,0.234192037470726,1280,2.9976580796252925,0,0,0,0.3727865796831314,1072,3.9962721342031684
0.39984006397441024,2500,9.996001599360255,0.2329192546583851,1287,2.9976708074534164,0,0,0,0.35842293906810035,1115,3.996415770609319
0.39984006397441024,2500,9.996001599360255,0.3110419906687403,1285,3.9968895800933124,0,0,0,0.3418803418803419,1169,3.9965811965811966
0.39984006397441024,2500,9.996001599360255,0.3129890453834116,1277,3.996870109546166,0,0,0,0.32733224222585927,1221,3.9967266775777417
0.39984006397441024,2500,9.996001599360255,0.3091190108191654,1293,3.996908809891808,0,0,0,0.3147128245476003,1270,3.996852871754524
0.39984006397441024,2500,9.996001599360255,0.3098373353989156,1290,3.996901626646011,0,0,0,0.3021148036253776,1323,3.996978851963746
0.39984006397441024,2500,9.996001599360255,0.2313030069390902,1296,2.997686969930609,0,0,0,0.363901018922853,1373,4.996360989810771
0.4398240703718513,2500,10.995601759296282,0.15384615384615385,1299,1.9984615384615385,0,0,0,0.4195804195804196,1429,5.995804195804196
0.47980807676929227,2500,11.995201919232308,0.15372790161414296,1300,1.9984627209838586,0,0,0,0.40431266846361186,1483,5.9959568733153645
0.47980807676929227,2500,11.995201919232308,0.15384615384615385,1299,1.9984615384615385,0,0,0,0.39164490861618795,1531,5.996083550913838
0.5197920831667333,2500,12.994802079168332,0.30959752321981426,1291,3.9969040247678023,0,0,0,0.37926675094816686,1581,5.996207332490518
0.5597760895641744,2500,13.994402239104359,0.3137254901960784,1274,3.996862745098039,0,0,0,0.36607687614399026,1638,5.996339231238561
0.5997600959616154,2500,14.994002399040383,0.31520882584712373,1268,3.996847911741529,0,0,0,0.35608308605341243,1684,5.996439169139466
0.5997600959616154,2500,14.994002399040383,0.39308176100628933,1271,4.996069182389937,0,0,0,0.3456221198156682,1735,5.996543778801843
0.5997600959616154,2500,14.994002399040383,0.39001560062402496,1281,4.99609984399376,0,0,0,0.33707865168539325,1779,5.996629213483146
0.5997600959616154,2500,14.994002399040383,0.47430830039525695,1264,5.995256916996048,0,0,0,0.3243243243243243,1849,5.996756756756756
0.6397441023590564,2500,15.99360255897641,0.39904229848363926,1252,4.996009577015164,0,0,0,0.3666841278156103,1908,6.9963331587218445
0.6397441023590564,2500,15.99360255897641,0.40257648953301123,1241,4.995974235104669,0,0,0,0.3558718861209964,1966,6.9964412811387895
0.6797281087564974,2500,16.993202718912436,0.4792332268370607,1251,5.995207667731629,0,0,0,0.396235760277365,2018,7.996037642397226
0.6797281087564974,2500,16.993202718912436,0.4746835443037975,1263,5.995253164556962,0,0,0,0.38797284190106696,2061,7.996120271580989
0.6797281087564974,2500,16.993202718912436,0.3952569169960474,1264,4.996047430830039,0,0,0,0.4261363636363636,2111,8.995738636363635
0.6797281087564974,2500,16.993202718912436,0.390625,1279,4.99609375,0,0,0,0.41918956683744757,2146,8.995808104331624
0.6797281087564974,2500,16.993202718912436,0.38819875776397517,1287,4.99611801242236,0,0,0,0.4090909090909091,2199,8.995909090909091
0.7197121151539384,2500,17.99280287884846,0.46367851622874806,1293,5.995363214837712,0,0,0,0.400355871886121,2247,8.99599644128114
0.7596961215513794,2500,18.992403038784484,0.3875968992248062,1289,4.996124031007752,0,0,0,0.43478260869565216,2299,9.995652173913044
0.7996801279488205,2500,19.99200319872051,0.4618937644341801,1298,5.9953810623556585,0,0,0,0.4249893752656183,2352,9.995750106247343
0.7996801279488205,2500,19.99200319872051,0.4604758250191865,1302,5.995395241749808,0,0,0,0.41614648356221395,2402,9.99583853516438
0.7996801279488205,2500,19.99200319872051,0.4618937644341801,1298,5.9953810623556585,0,0,0,0.40733197556008144,2454,9.995926680244398
0.7996801279488205,2500,19.99200319872051,0.46439628482972134,1291,5.995356037151702,0,0,0,0.4001600640256103,2498,9.995998399359744
0.7996801279488205,2500,19.99200319872051,0.4716981132075472,1271,5.995283018867925,0,0,0,0.39001560062402496,2563,9.99609984399376
0.7996801279488205,2500,19.99200319872051,0.4694835680751174,1277,5.995305164319249,0,0,0,0.42081101759755163,2613,10.995791889824025
0.8796481407437026,2500,21.991203518592563,0.548159749412686,1276,6.994518402505872,0,0,0,0.41198501872659177,2669,10.995880149812734
0.8796481407437026,2500,21.991203518592563,0.6299212598425197,1269,7.993700787401575,0,0,0,0.40307805056797363,2728,10.99596921949432
0.8796481407437026,2500,21.991203518592563,0.6304176516942475,1268,7.993695823483058,0,0,0,0.3951149425287357,2783,10.996048850574713
0.8796481407437026,2500,21.991203518592563,0.6324110671936759,1264,7.993675889328063,0,0,0,0.3885552808194984,2830,10.996114447191804
0.9596161535385845,2500,23.990403838464616,0.5529225908372828,1265,6.994470774091627,0,0,0,0.41768186564566656,2872,11.995823181343544
0.9996001599360257,2500,24.990003998400642,0.547302580140735,1278,6.9945269741985925,0,0,0,0.4119464469618949,2912,11.99588053553038
1.0395841663334666,2500,25.989604158336665,0.7003891050583658,1284,8.992996108949416,0,0,0,0.4063664070436844,2952,11.995936335929562
1.0795681727309077,2500,26.989204318272694,0.778816199376947,1283,9.99221183800623,0,0,0,0.4323245759893582,3006,12.995676754240108
1.1595361855257897,2500,28.988404638144743,0.857365549493375,1282,10.991426344505067,0,0,0,0.42469781117281935,3060,12.995753021888273
1.1595361855257897,2500,28.988404638144743,0.8600469116497262,1278,10.991399530883502,0,0,0,0.41746949261400135,3113,12.995825305073861
1.1995201919232308,2500,29.988004798080766,0.8600469116497262,1278,10.991399530883502,0,0,0,0.4112622587788674,3160,12.995887377412211
1.1995201919232308,2500,29.988004798080766,0.9397024275646046,1276,11.990602975724356,0,0,0,0.40523690773067333,3207,12.995947630922693
1.2395041983206718,2500,30.987604958016796,0.7892659826361484,1266,9.99210734017364,0,0,0,0.45871559633027525,3269,14.995412844036698
1.319472211115554,2500,32.98680527788885,0.9382329945269743,1278,11.990617670054732,0,0,0,0.4511278195488722,3324,14.995488721804513
1.319472211115554,2500,32.98680527788885,1.010886469673406,1285,12.989891135303267,0,0,0,0.4443127962085308,3375,14.995556872037914
1.3594562175129947,2500,33.98640543782487,1.1627906976744187,1289,14.988372093023255,0,0,0,0.43782837127845886,3425,14.995621716287216
1.3594562175129947,2500,33.98640543782487,1.326053042121685,1281,16.986739469578783,0,0,0,0.43016919988528823,3486,14.995698308001147
1.399440223910436,2500,34.9860055977609,1.331245105716523,1276,16.986687548942832,0,0,0,0.451849759954815,3540,15.995481502400454
1.4394242303078768,2500,35.98560575769692,1.326053042121685,1281,16.986739469578783,0,0,0,0.4736695458344943,3588,16.995263304541655
1.4394242303078768,2500,35.98560575769692,1.3333333333333335,1274,16.986666666666668,0,0,0,0.46562585592988226,3650,16.995343741440703
1.4794082367053178,2500,36.985205917632946,1.3375295043273014,1270,16.98662470495673,0,0,0,0.4588394062078272,3704,16.99541160593792
1.5193922431027589,2500,37.98480607756897,1.4797507788161994,1283,18.985202492211837,0,0,0,0.45297095656807884,3752,16.99547029043432
1.5193922431027589,2500,37.98480607756897,1.6030534351145038,1309,20.983969465648855,0,0,0,0.4485488126649077,3789,16.995514511873353
1.5193922431027589,2500,37.98480607756897,1.750380517503805,1313,22.98249619482496,0,0,0,0.4432855280312908,3834,16.99556714471969
1.5593762495002,2500,38.984406237505,1.7624521072796935,1304,22.982375478927203,0,0,0,0.4626060138781804,3890,17.995373939861217
1.5593762495002,2500,38.984406237505,1.848998459167951,1297,23.981510015408322,0,0,0,0.481500253421186,3945,18.99518499746579
1.5593762495002,2500,38.984406237505,1.7733230531996915,1296,22.982266769468,0,0,0,0.5002501250625313,3997,19.994997498749374
1.639344262295082,2500,40.98360655737705,1.927525057825752,1296,24.980724749421746,0,0,0,0.4935834155972359,4051,19.995064165844028
1.639344262295082,2500,40.98360655737705,1.9069412662090008,1310,24.980930587337912,0,0,0,0.4884004884004884,4094,19.995115995115995
1.639344262295082,2500,40.98360655737705,1.8782870022539442,1330,24.98121712997746,0,0,0,0.4833252779120348,4137,19.99516674722088
1.6793282686925233,2500,41.98320671731308,1.8045112781954888,1329,23.981954887218045,0,0,0,0.5010737294201861,4190,20.994989262705797
1.6793282686925233,2500,41.98320671731308,1.721556886227545,1335,22.982784431137723,0,0,0,0.542836912910078,4236,22.9945716308709
1.7193122750899639,2500,42.9828068772491,1.5730337078651686,1334,20.98426966292135,0,0,0,0.5827505827505828,4289,24.994172494172496
1.7592962814874051,2500,43.982407037185126,1.6516516516516515,1331,21.983483483483482,0,0,0,0.5986645176145522,4342,25.994013354823853
1.7592962814874051,2500,43.982407037185126,1.6603773584905661,1324,21.983396226415095,0,0,0,0.6147540983606558,4391,26.99385245901639
1.7592962814874051,2500,43.982407037185126,1.7125837676842888,1342,22.982874162323156,0,0,0,0.6082451002478036,4438,26.993917548997523
1.7992802878848462,2500,44.982007197121156,1.6248153618906942,1353,21.98375184638109,0,0,0,0.6244424620874219,4483,27.993755575379126
1.7992802878848462,2500,44.982007197121156,1.7062314540059347,1347,22.98293768545994,0,0,0,0.6172839506172839,4535,27.993827160493826
1.7992802878848462,2500,44.982007197121156,1.7176997759522032,1338,22.98282300224048,0,0,0,0.6300238974581794,4602,28.993699761025418
1.8392642942822872,2500,45.98160735705718,1.7280240420736288,1330,22.982719759579265,0,0,0,0.6436387041407423,4660,29.993563612958592
1.879248300679728,2500,46.9812075169932,1.7267267267267266,1331,22.98273273273273,0,0,0,0.6786850477200423,4714,31.9932131495228
1.9592163134746103,2500,48.980407836865254,1.8726591760299627,1334,24.9812734082397,0,0,0,0.6921140939597316,4767,32.993078859060404
1.9592163134746103,2500,48.980407836865254,1.957831325301205,1327,25.98042168674699,0,0,0,0.7058335063317417,4816,33.99294166493668
2.039184326269492,2500,50.9796081567373,2.042360060514372,1321,26.979576399394855,0,0,0,0.7186858316221766,4869,34.992813141683776
2.1191523390643745,2500,52.97880847660936,2.2710068130204393,1320,29.977289931869798,0,0,0,0.7106598984771574,4924,34.99289340101523
2.2391043582566974,2500,55.977608956417434,2.3413897280966767,1323,30.976586102719033,0,0,0,0.7035175879396985,4974,34.992964824120605
2.3590563774490203,2500,58.97640943622551,2.437166793602437,1312,31.975628332063977,0,0,0,0.7347100873709292,5035,36.99265289912629
2.3990403838464616,2500,59.97600959616153,2.3700305810397553,1307,30.976299694189603,0,0,0,0.764855854089037,5098,38.99235144145911
2.3990403838464616,2500,59.97600959616153,2.3700305810397553,1307,30.976299694189603,0,0,0,0.8158508158508158,5147,41.99184149184149
2.3990403838464616,2500,59.97600959616153,2.2813688212927756,1314,29.977186311787072,0,0,0,0.8277189605389799,5194,42.99172281039461
2.3990403838464616,2500,59.97600959616153,2.2710068130204393,1320,29.977289931869798,0,0,0,0.8582872401296968,5242,44.99141712759871
2.3990403838464616,2500,59.97600959616153,2.1986353297952994,1318,28.97801364670205,0,0,0,0.8689081979599547,5293,45.9913109180204
2.4790083966413436,2500,61.97520991603359,2.042360060514372,1321,26.979576399394855,0,0,0,0.8975317875841435,5347,47.991024682124156
2.4790083966413436,2500,61.97520991603359,2.272727272727273,1319,29.977272727272727,0,0,0,0.8880666049953747,5404,47.991119333950046
2.4790083966413436,2500,61.97520991603359,2.3006134969325154,1303,29.976993865030675,0,0,0,0.8961228968544257,5467,48.991038771031455
2.4790083966413436,2500,61.97520991603359,2.6033690658499236,1305,33.973966309341506,0,0,0,0.8876811594202899,5519,48.9911231884058
2.4790083966413436,2500,61.97520991603359,2.607361963190184,1303,33.9739263803681,0,0,0,0.8973438621679828,5571,49.99102656137832
2.5189924030387845,2500,62.97481007596961,2.6535253980288096,1318,34.97346474601971,0,0,0,0.8890469416785207,5623,49.991109530583216
2.5589764094362257,2500,63.97441023590564,2.585551330798479,1314,33.97414448669201,0,0,0,0.9164610504053579,5673,51.99083538949595
2.5989604158336665,2500,64.97401039584166,2.7293404094010616,1318,35.97270659590599,0,0,0,0.9272218334499651,5715,52.990727781665505
2.6789284286285486,2500,66.97321071571372,2.848344880677444,1298,36.971516551193226,0,0,0,0.9340944473274521,5780,53.99065905552673
2.6789284286285486,2500,66.97321071571372,3.134556574923547,1307,40.96865443425076,0,0,0,0.9251327736851122,5836,53.990748672263145
2.7588964414234307,2500,68.97241103558576,3.1202435312024352,1313,40.968797564687975,0,0,0,0.9518952915179331,5882,55.99048104708482
2.8788484606157536,2500,71.97121151539385,3.279938977879481,1310,42.967200610221205,0,0,0,0.94260225551254,5940,55.990573977444875
2.8788484606157536,2500,71.97121151539385,3.279938977879481,1310,42.967200610221205,0,0,0,0.9514271407110666,5990,56.99048572859289
2.918832467013195,2500,72.97081167532987,3.218390804597701,1304,41.96781609195402,0,0,0,0.9758518028448561,6045,58.990241481971545
2.9588164734106357,2500,73.97041183526589,3.1514219830899313,1300,40.968485780169104,0,0,0,1.0160603080957062,6101,61.98983939691904
3.0387844862055178,2500,75.96961215513794,3.0604437643458304,1306,39.969395562356546,0,0,0,1.025390625,6143,62.98974609375
3.1187524990004,2500,77.96881247501,2.9770992366412212,1309,38.970229007633584,0,0,0,1.0337586819576805,6190,63.989662413180426
3.158736505397841,2500,78.96841263494603,2.756508422664625,1305,35.972434915773356,0,0,0,1.0728582866293035,6244,66.98927141713371
3.2387045181927228,2500,80.96761295481807,2.6615969581749046,1314,34.97338403041825,0,0,0,1.079707843759924,6297,67.9892029215624
3.318672530987605,2500,82.96681327469013,2.43531202435312,1313,31.975646879756468,0,0,0,1.1184625078764965,6347,70.98881537492123
3.398640543782487,2500,84.96601359456217,2.6717557251908395,1309,34.97328244274809,0,0,0,1.123946300343428,6405,71.98876053699657
3.4386245501799277,2500,85.9656137544982,2.513328255902513,1312,32.974866717440975,0,0,0,1.1618900077459333,6454,74.98838109992253
3.4386245501799277,2500,85.9656137544982,2.593440122044241,1310,33.97406559877956,0,0,0,1.1522507297587956,6508,74.98847749270242
3.4386245501799277,2500,85.9656137544982,2.517162471395881,1310,32.97482837528604,0,0,0,1.1732439433186044,6562,76.98826756056681
3.4786085565773694,2500,86.96521391443423,2.833078101071975,1305,36.97166921898928,0,0,0,1.1645493042952209,6611,76.98835450695704
3.5585765693722506,2500,88.96441423430628,3.0721966205837172,1301,39.96927803379416,0,0,0,1.1545958914379968,6668,76.98845404108563
3.5585765693722506,2500,88.96441423430628,3.058103975535168,1307,39.969418960244646,0,0,0,1.2046400951814398,6723,80.9879535990482
3.638544582167133,2500,90.96361455417832,2.9702970297029703,1312,38.97029702970297,0,0,0,1.2258159799143404,6770,82.98774184020085
3.7984806077568973,2500,94.96201519392244,2.762854950115119,1302,35.97237145049885,0,0,0,1.2747252747252749,6824,86.98725274725275
3.878448620551779,2500,96.96121551379447,2.773497688751926,1297,35.972265023112485,0,0,0,1.2945454545454544,6874,88.98705454545454
3.9984006397441028,2500,99.96001599360257,2.8928850664581707,1278,36.971071149335415,0,0,0,1.296456352636128,6941,89.98703543647363
4.078368652538984,2500,101.9592163134746,2.9343629343629343,1294,37.97065637065637,0,0,0,1.3022323983972524,6987,90.98697767601602
4.078368652538984,2500,101.9592163134746,2.690238278247502,1300,34.973097617217526,0,0,0,1.350582883139039,7033,94.98649417116862
4.078368652538984,2500,101.9592163134746,2.6053639846743293,1304,33.973946360153256,0,0,0,1.3702500353157225,7078,96.98629749964684
4.118352658936426,2500,102.95881647341064,2.5482625482625485,1294,32.974517374517376,0,0,0,1.4137737961926091,7143,100.98586226203807
4.1583366653338665,2500,103.95841663334666,2.7756360832690823,1296,35.97224363916731,0,0,0,1.4313507504168983,7195,102.98568649249583
4.278288684526189,2500,106.95721711315474,2.9208301306687163,1300,37.97079169869331,0,0,0,1.4342849262170734,7250,103.98565715073782
4.358256697321072,2500,108.95641743302679,2.923076923076923,1299,37.97076923076923,0,0,0,1.4381591562799616,7300,104.9856184084372
4.358256697321072,2500,108.95641743302679,3.0959752321981426,1291,39.969040247678016,0,0,0,1.4285714285714286,7349,104.98571428571428
4.398240703718512,2500,109.95601759296281,3.3463035019455254,1284,42.96653696498054,0,0,0,1.4185355309375844,7401,104.98581464469062
4.478208716513395,2500,111.95521791283487,3.48297213622291,1291,44.96517027863777,0,0,0,1.4093959731543624,7449,104.98590604026846
4.518192722910835,2500,112.95481807277089,3.7094281298299845,1293,47.9629057187017,0,0,0,1.4000000000000001,7499,104.986
4.598160735705718,2500,114.95401839264294,3.637770897832817,1291,46.963622291021665,0,0,0,1.4172185430463577,7549,106.98582781456955
4.638144742103159,2500,115.95361855257897,3.912363067292645,1277,49.960876369327075,0,0,0,1.4056752496058855,7611,106.98594324750394
4.638144742103159,2500,115.95361855257897,4.1106719367588935,1264,51.95889328063241,0,0,0,1.3966845059391724,7660,106.98603315494061
4.718112754898041,2500,117.95281887245102,3.98749022673964,1278,50.9601250977326,0,0,0,1.425793907971484,7714,109.98574206092029
4.758096761295482,2500,118.95241903238706,4.1309431021044425,1282,52.95869056897895,0,0,0,1.441998197502253,7766,111.98558001802498
4.798080767692923,2500,119.95201919232306,4.463586530931871,1276,56.955364134690676,0,0,0,1.4579869548535618,7818,113.98542013045146
4.8380647740903635,2500,120.95161935225909,4.460093896713615,1277,56.955399061032864,0,0,0,1.4733900673186842,7872,115.98526609932681
4.998000799680128,2500,124.9500199920032,4.38871473354232,1275,55.956112852664575,0,0,0,1.5030946065428823,7916,118.98496905393456
5.037984806077569,2500,125.94962015193921,4.556166535742341,1272,57.95443833464258,0,0,0,1.518193224592221,7969,120.98481806775408
5.07796881247501,2500,126.94922031187525,4.409448818897638,1269,55.955905511811025,0,0,0,1.556468683850081,8030,124.9844353131615
5.157936825269892,2500,128.9484206317473,4.559748427672956,1271,57.95440251572327,0,0,0,1.5711988123221574,8082,126.98428801187677
5.157936825269892,2500,128.9484206317473,4.918032786885246,1280,62.950819672131146,0,0,0,1.5749969238341333,8126,127.98425003076166
5.197920831667333,2500,129.94802079168332,4.9883086515978174,1282,63.950116913484024,0,0,0,1.5907978463044543,8171,129.98409202153695
5.237904838064774,2500,130.94762095161934,4.906542056074766,1283,62.95093457943925,0,0,0,1.6058394160583942,8219,131.98394160583942
5.277888844462216,2500,131.9472211115554,4.889589905362776,1267,61.951104100946374,0,0,0,1.6179666747162522,8281,133.98382033325285
5.277888844462216,2500,131.9472211115554,5.107741420590583,1252,63.9489225857941,0,0,0,1.6198704103671708,8333,134.98380129589634
5.437824870051979,2500,135.94562175129948,5.7324840764331215,1255,71.94267515923568,0,0,0,1.622330907789574,8382,135.9837766909221
5.47780887644942,2500,136.9452219112355,5.705229793977813,1261,71.94294770206022,0,0,0,1.6473097890495378,8437,138.9835269021095
5.517792882846861,2500,137.94482207117153,5.379746835443038,1263,67.94620253164557,0,0,0,1.6957136128120585,8491,143.98304286387187
5.557776889244302,2500,138.94442223110755,5.524419535628502,1248,68.9447558046437,0,0,0,1.7190971816161853,8550,146.98280902818385
5.677728908436626,2500,141.94322271091562,5.958132045088567,1241,73.94041867954911,0,0,0,1.7209302325581395,8599,147.9827906976744
5.677728908436626,2500,141.94322271091562,6.244995996797438,1248,77.93755004003202,0,0,0,1.735910195579215,8640,149.9826408980442
5.717712914834067,2500,142.94282287085167,6.106264869151467,1260,76.93893735130848,0,0,0,1.7614552152889706,8685,152.9823854478471
5.7976809276289485,2500,144.94202319072372,6.175771971496437,1262,77.93824228028504,0,0,0,1.773252488273653,8740,154.98226747511725
5.87764894042383,2500,146.94122351059576,6.24512099921936,1280,79.93754879000781,0,0,0,1.8196292505402025,8792,159.9818037074946
5.87764894042383,2500,146.94122351059576,6.17670054730258,1278,78.93823299452697,0,0,0,1.8323719036308113,8840,161.9816762809637
6.037584966013595,2500,150.93962415033988,6.24512099921936,1280,79.93754879000781,0,0,0,1.8562267971650355,8888,164.98143773202835
6.037584966013595,2500,150.93962415033988,6.404320987654321,1295,82.93595679012347,0,0,0,1.8711484593837535,8924,166.98128851540616
6.157536985205918,2500,153.93842463014795,6.461780929866036,1268,81.93538219070133,0,0,0,1.8792394084287778,8992,168.9812076059157
6.157536985205918,2500,153.93842463014795,6.528662420382165,1255,81.93471337579618,0,0,0,1.9118134600508343,9048,172.98088186539948
6.27748900439824,2500,156.937225109956,6.125696101829754,1256,76.9387430389817,0,0,0,1.9791094007696537,9094,179.9802089059923
6.397441023590564,2500,159.93602558976409,6.464485235434957,1252,80.93535514764565,0,0,0,1.989071038251366,9149,181.9801092896175
6.437425029988004,2500,160.9356257497001,6.809184481393507,1262,85.93190815518606,0,0,0,2.0017406440382945,9191,183.97998259355964
6.437425029988004,2500,160.9356257497001,6.682577565632458,1256,83.93317422434367,0,0,0,2.0341917333910406,9241,187.97965808266608
6.437425029988004,2500,160.9356257497001,6.7675159235668785,1255,84.93232484076432,0,0,0,2.043010752688172,9299,189.97956989247314
6.437425029988004,2500,160.9356257497001,6.874500399680255,1250,85.93125499600319,0,0,0,2.052597819114817,9353,191.97947402180884
6.4774090363854455,2500,161.93522590963613,6.8580542264752795,1253,85.93141945773526,0,0,0,2.094185181248007,9406,196.9790581481875
6.597361055577769,2500,164.93402638944423,6.809184481393507,1262,85.93190815518606,0,0,0,2.115506663845991,9453,199.97884493336153
6.597361055577769,2500,164.93402638944423,6.907378335949764,1273,87.9309262166405,0,0,0,2.136167526044407,9502,202.97863832473953
6.597361055577769,2500,164.93402638944423,7.338017174082748,1280,93.92661982825916,0,0,0,2.136349355953503,9548,203.97863650644047
6.67732906837265,2500,166.93322670931627,7.286821705426356,1289,93.92713178294574,0,0,0,2.159399123722095,9585,206.9784060087628
6.797281087564974,2500,169.93202718912434,6.904577191621413,1288,88.93095422808379,0,0,0,2.2203776717161237,9637,213.97779622328287
7.0371851259496205,2500,175.9296281487405,6.6874027993779155,1285,85.93312597200622,0,0,0,2.257964738632849,9698,218.97742035261368
7.0371851259496205,2500,175.9296281487405,6.953125,1279,88.93046875,0,0,0,2.255253716043055,9754,219.97744746283956
7.0371851259496205,2500,175.9296281487405,6.971340046475601,1290,89.93028659953525,0,0,0,2.265537299724462,9798,221.97734462700276
7.0371851259496205,2500,175.9296281487405,6.825153374233128,1303,88.93174846625766,0,0,0,2.296514581851438,9840,225.97703485418148
7.197121151539385,2500,179.92802878848462,6.743295019157087,1304,87.93256704980843,0,0,0,2.325816563858833,9888,229.9767418343614
7.237105157936825,2500,180.92762894842065,6.682027649769585,1301,86.9331797235023,0,0,0,2.3325960184998995,9945,231.976674039815
7.357057177129149,2500,183.92642942822872,6.888544891640867,1291,88.9311145510836,0,0,0,2.339298210536839,10002,233.97660701789465
7.39704118352659,2500,184.92602958816474,6.807511737089202,1277,86.9319248826291,0,0,0,2.392534498163407,10072,240.97607465501835
7.39704118352659,2500,184.92602958816474,6.998444790046657,1285,89.93001555209953,0,0,0,2.3915406660737224,10118,241.97608459333924
7.477009196321472,2500,186.92522990803678,7.170393215111797,1296,92.92829606784888,0,0,0,2.4191169239846593,10168,245.97580883076014
7.477009196321472,2500,186.92522990803678,6.957186544342507,1307,90.93042813455656,0,0,0,2.455968688845401,10219,250.97544031311156
7.5569772091163525,2500,188.92443022790883,7.223476297968396,1328,95.92776523702031,0,0,0,2.4656466231361467,10260,252.97534353376864
7.596961215513795,2500,189.92403038784488,6.942392909896602,1353,93.93057607090103,0,0,0,2.4941770186335406,10303,256.97505822981367
7.636945221911236,2500,190.9236305477809,7.031828275351591,1350,94.92968171724648,0,0,0,2.502173703023862,10350,258.9749782629697
7.716913234706118,2500,192.92283086765292,6.794682422451995,1353,91.9320531757755,0,0,0,2.5379734666410307,10401,263.9746202653336
7.796881247501,2500,194.922031187525,6.588579795021962,1365,89.93411420204978,0,0,0,2.6018748804285443,10453,271.9739812511957
7.836865253898441,2500,195.92163134746102,6.753812636165578,1376,92.93246187363835,0,0,0,2.6100209563726424,10497,273.97389979043623
7.916833266693322,2500,197.92083166733306,7.262164124909224,1376,99.92737835875091,0,0,0,2.6243486499289435,10554,276.9737565135007
7.9968012794882055,2500,199.92003198720514,7.283321194464676,1372,99.92716678805536,0,0,0,2.6499434175782723,10603,280.9735005658242
8.036785285885646,2500,200.91963214714116,7.267441860465117,1375,99.92732558139535,0,0,0,2.7016885553470917,10659,287.97298311444655
8.076769292283087,2500,201.91923230707718,7.199999999999999,1374,98.928,0,0,0,2.7248973497573723,10715,291.9727510265024
8.116753298680528,2500,202.9188324670132,7.278020378457059,1373,99.92721979621543,0,0,0,2.7561247216035634,10775,296.97243875278394
8.156737305077968,2500,203.9184326269492,7.3508005822416305,1373,100.92649199417758,0,0,0,2.807276756856589,10828,303.9719272324314
8.19672131147541,2500,204.91803278688522,7.2727272727272725,1374,99.92727272727272,0,0,0,2.8229885057471265,10874,306.9717701149425
8.276689324270292,2500,206.9172331067573,7.619738751814223,1377,104.92380261248185,0,0,0,2.828116419549698,10925,308.9717188358045
8.276689324270292,2500,206.9172331067573,7.675438596491229,1367,104.9232456140351,0,0,0,2.831391114348143,10983,310.97168608885653
8.356657337065174,2500,208.91643342662934,7.9178885630498534,1363,107.9208211143695,0,0,0,2.8548123980424145,11033,314.97145187601956
8.436625349860057,2500,210.9156337465014,8.112094395280236,1355,109.9188790560472,0,0,0,2.867706736405447,11088,317.9713229326359
8.516593362654937,2500,212.91483406637346,8.118081180811808,1354,109.91881918819188,0,0,0,2.8804737975592247,11143,320.9711952620244
8.516593362654937,2500,212.91483406637346,8.211143695014663,1363,111.91788856304984,0,0,0,2.8946663093004554,11192,323.971053336907
8.556577369052379,2500,213.91443422630948,8.625730994152047,1367,117.91374269005847,0,0,0,2.898550724637681,11246,325.9710144927536
8.676529388244703,2500,216.91323470611758,8.60058309037901,1371,117.91399416909621,0,0,0,2.930759695413494,11293,330.97069240304586
8.716513394642144,2500,217.91283486605357,8.218181818181817,1374,112.91781818181818,0,0,0,2.9779735682819384,11349,337.97022026431716
8.796481407437025,2500,219.91203518592562,8.290909090909091,1374,113.9170909090909,0,0,0,3.0077165906699403,11403,342.96992283409327
8.836465413834466,2500,220.91163534586164,8.151382823871907,1373,111.91848617176129,0,0,0,3.035324901875273,11464,347.96964675098127
8.916433426629348,2500,222.9108356657337,8.51063829787234,1362,115.91489361702128,0,0,0,3.0363494404441744,11526,349.96963650559553
8.95641743302679,2500,223.91043582566974,8.493353028064993,1353,114.91506646971935,0,0,0,3.0805073776857363,11588,356.96919492622317
8.99640143942423,2500,224.91003598560576,8.900523560209423,1336,118.9109947643979,0,0,0,3.071116067598868,11656,357.969288839324
9.03638544582167,2500,225.90963614554178,9.165424739195231,1341,122.90834575260806,0,0,0,3.0852063926160156,11700,360.96914793607385
9.03638544582167,2500,225.90963614554178,9.281437125748502,1335,123.90718562874251,0,0,0,3.079540621012335,11754,361.96920459378987
9.076369452219113,2500,226.90923630547783,9.311127933383801,1320,122.90688872066616,0,0,0,3.1136305948049747,11818,367.96886369405195
9.116353458616553,2500,227.90883646541386,9.441087613293051,1323,124.90558912386707,0,0,0,3.124473639885464,11873,370.9687552636011
9.116353458616553,2500,227.90883646541386,8.97338403041825,1314,117.91026615969581,0,0,0,3.1849803034112814,11930,379.96815019696584
9.196321471411435,2500,229.90803678528587,9.138972809667674,1323,120.90861027190333,0,0,0,3.2064128256513023,11975,383.96793587174346
9.236305477808877,2500,230.9076369452219,8.981132075471699,1324,118.91018867924528,0,0,0,3.2488574989613626,12034,390.9675114250104
9.3562574970012,2500,233.90643742503,9.679878048780488,1311,126.9032012195122,0,0,0,3.2506203473945408,12089,392.967493796526
9.436225509796081,2500,235.90563774490204,9.355828220858896,1303,121.90644171779141,0,0,0,3.3006831838011363,12148,400.96699316816205
9.476209516193522,2500,236.90523790483806,9.028309104820199,1306,117.90971690895181,0,0,0,3.351909523029012,12201,408.96648090476975
9.516193522590964,2500,237.9048380647741,9.167303284950345,1308,119.9083269671505,0,0,0,3.3553759490570654,12248,410.9664462405094
9.556177528988405,2500,238.90443822471013,9.125475285171103,1314,119.90874524714829,0,0,0,3.3975453141510203,12302,417.9660245468585
9.596161535385846,2500,239.90403838464613,9.398496240601503,1329,124.90601503759397,0,0,0,3.400534369686665,12350,419.9659946563031
9.596161535385846,2500,239.90403838464613,9.145427286356822,1333,121.90854572713644,0,0,0,3.4443817052512706,12396,426.96555618294747
9.75609756097561,2500,243.90243902439025,9.00297619047619,1343,120.90997023809524,0,0,0,3.4715525554484086,12443,431.9652844744455
9.75609756097561,2500,243.90243902439025,9.104477611940299,1339,121.9089552238806,0,0,0,3.4725556088974234,12497,433.965274443911
9.79608156737305,2500,244.90203918432627,9.473684210526317,1329,125.90526315789474,0,0,0,3.4963364128703405,12555,438.9650366358713
9.79608156737305,2500,244.90203918432627,9.249431387414708,1318,121.90750568612586,0,0,0,3.5436816235928337,12613,446.9645631837641
9.79608156737305,2500,244.90203918432627,9.462528387585163,1320,124.90537471612416,0,0,0,3.5530990919857874,12664,449.9644690090801
9.876049580167932,2500,246.90123950419832,9.679878048780488,1311,126.9032012195122,0,0,0,3.5602011945928957,12723,452.9643979880541
9.956017592962816,2500,248.9004398240704,9.556574923547402,1307,124.90443425076452,0,0,0,3.599937392393176,12777,459.9640006260761
10.075969612155138,2500,251.89924030387843,9.930715935334874,1298,128.90069284064666,0,0,0,3.6064807602430284,12837,462.96393519239757
10.075969612155138,2500,251.89924030387843,9.610983981693364,1310,125.90389016018307,0,0,0,3.654278842423772,12888,470.96345721157576
10.195921631347462,2500,254.89804078368653,9.885057471264368,1304,128.90114942528734,0,0,0,3.6934013290063357,12941,477.9630659867099
10.195921631347462,2500,254.89804078368653,9.739263803680982,1303,126.9026073619632,0,0,0,3.7327791887939656,12992,484.96267220811205
10.355857656937225,2500,258.89644142343064,9.90783410138249,1301,128.90092165898616,0,0,0,3.7647600061340283,13041,490.96235239993865
10.435825669732107,2500,260.8956417433027,10.114942528735632,1304,131.89885057471264,0,0,0,3.766233766233766,13089,492.96233766233763
10.555777688924431,2500,263.8944422231108,10.114942528735632,1304,131.89885057471264,0,0,0,3.7902427886444934,13138,497.9620975721135
10.635745701719312,2500,265.89364254298283,10.200927357032457,1293,131.89799072642967,0,0,0,3.7887398651208612,13196,499.96211260134885
10.715713714514195,2500,267.8928428628549,10.506134969325153,1303,136.89493865030676,0,0,0,3.790109475273688,13244,501.9620989052473
10.875649740103958,2500,271.89124350259897,10.360706062931696,1302,134.89639293937068,0,0,0,3.834874802616738,13298,509.9616512519739
10.95561775289884,2500,273.890443822471,10.17733230531997,1296,131.8982266769468,0,0,0,3.86256456321581,13358,515.9613743543679
11.075569772091164,2500,276.8892443022791,9.824828636709825,1312,128.9017517136329,0,0,0,3.925080217894187,13400,525.9607491978211
11.155537784886045,2500,278.88844462215116,10.10719754977029,1305,131.8989280245023,0,0,0,3.9325007433838834,13451,528.9606749925662
11.155537784886045,2500,278.88844462215116,10.38961038961039,1308,135.8961038961039,0,0,0,3.9458098904352976,13507,532.9605419010957
11.155537784886045,2500,278.88844462215116,10.386656557998483,1318,136.89613343442002,0,0,0,3.961053330382828,13556,536.9603894666961
11.195521791283488,2500,279.8880447820872,10.283960092095166,1302,133.89716039907904,0,0,0,3.9876624807226264,13616,542.9601233751928
11.31547381047581,2500,282.88684526189525,10.278207109737249,1293,132.89721792890262,0,0,0,4.027777777777778,13679,550.9597222222222
11.475409836065573,2500,286.88524590163934,10.510046367851624,1293,135.8948995363215,0,0,0,4.042243262927895,13729,554.9595775673707
11.555377848860456,2500,288.8844462215114,10.74766355140187,1283,137.89252336448598,0,0,0,4.0617973453253065,13786,559.9593820265467
11.595361855257897,2500,289.88404638144743,11.171875,1279,142.88828125,0,0,0,4.0760280407602805,13836,563.9592397195923
11.67532986805278,2500,291.8832467013195,11.050583657587548,1284,141.88949416342413,0,0,0,4.112351458408354,13884,570.958876485416
11.795281887245102,2500,294.8820471811275,11.024844720496894,1287,141.88975155279502,0,0,0,4.127189204708585,13931,574.9587281079529
11.835265893642543,2500,295.88164734106357,11.25674633770239,1296,145.88743253662298,0,0,0,4.147300679299249,13984,579.958526993207
11.995201919232306,2500,299.88004798080766,11.638591117917304,1305,151.88361408882082,0,0,0,4.16102600641254,14034,583.9583897399359
12.11515393842463,2500,302.87884846061576,11.62079510703364,1307,151.88379204892968,0,0,0,4.181753638622649,14084,588.9581824636138
12.155137944822071,2500,303.87844862055175,11.349693251533742,1303,147.88650306748465,0,0,0,4.223259762308999,14135,596.9577674023769
12.235105957616952,2500,305.8776489404238,11.248073959938367,1297,145.8875192604006,0,0,0,4.246777942108599,14198,602.9575322205789
12.235105957616952,2500,305.8776489404238,10.921766072811774,1290,140.89078233927188,0,0,0,4.309981749262951,14245,613.9569001825074
12.315073970411836,2500,307.8768492602959,11.265432098765432,1295,145.88734567901236,0,0,0,4.3228875209848905,14295,617.9567711247902
12.355057976809276,2500,308.8764494202319,11.051419800460476,1302,143.8894858019954,0,0,0,4.364498361570104,14342,625.9563550163842
12.4750099960016,2500,311.87524990004,10.904872389791183,1292,140.89095127610207,0,0,0,4.390718354870084,14393,631.9560928164512
12.4750099960016,2500,311.87524990004,10.827532869296212,1292,139.89172467130703,0,0,0,4.41044104410441,14442,636.955895589559
12.634946021591364,2500,315.87365053978414,11.481768813033359,1288,147.88518231186967,0,0,0,4.416839199447895,14489,639.9558316080055
12.634946021591364,2500,315.87365053978414,11.19751166407465,1285,143.88802488335924,0,0,0,4.454220511410504,14547,647.9554577948859
12.714914034386245,2500,317.8728508596561,11.058823529411764,1274,140.8894117647059,0,0,0,4.492842955961921,14600,655.9550715704404
12.714914034386245,2500,317.8728508596561,11.426319936958235,1268,144.8857368006304,0,0,0,4.496758785397476,14654,658.955032412146
12.834866053578569,2500,320.8716513394642,11.484375,1279,146.88515625,0,0,0,4.533405831577516,14712,666.9546659416842
12.954818072770891,2500,323.87045181927226,11.755607115235886,1292,151.88244392884764,0,0,0,4.560547536762215,14756,672.9543945246324
12.994802079168332,2500,324.8700519792083,11.553473848555816,1280,147.88446526151444,0,0,0,4.596382289416847,14815,680.9540361771059
13.074770091963215,2500,326.86925229908036,11.959087332808812,1270,151.8804091266719,0,0,0,4.6117647058823525,14874,685.9538823529412
13.154738104758096,2500,328.8684526189524,12.314886983632112,1282,157.8768511301637,0,0,0,4.61156914002279,14918,687.9538843085998
13.23470611755298,2500,330.8676529388245,12.071651090342678,1283,154.87928348909657,0,0,0,4.648367060709277,14972,695.953516329393
13.314674130347862,2500,332.86685325869655,12.102404965089217,1288,155.87897595034912,0,0,0,4.672834986354257,15022,701.9532716501365
13.3546581367453,2500,333.86645341863255,12.4031007751938,1289,159.87596899224806,0,0,0,4.698075646980756,15069,707.9530192435302
13.3546581367453,2500,333.86645341863255,12.102404965089217,1288,155.87897595034912,0,0,0,4.736702831436888,15115,715.9526329716857
13.474610155937624,2500,336.86525389844064,11.832946635730858,1292,152.88167053364268,0,0,0,4.779484474915947,15168,724.9522051552508
13.514594162335067,2500,337.8648540583767,12.249614791987673,1297,158.8775038520801,0,0,0,4.77692358236415,15218,726.9522307641764
13.67453018792483,2500,341.8632546981207,12.558502340093602,1281,160.87441497659904,0,0,0,4.809894640403115,15280,734.951901053596
13.754498200719711,2500,343.8624550179928,12.804399057344854,1272,162.87195600942653,0,0,0,4.84354628422425,15339,742.9515645371578
13.754498200719711,2500,343.8624550179928,12.931034482758621,1275,164.8706896551724,0,0,0,4.85966735966736,15391,747.9514033264034
13.834466213514593,2500,345.8616553378648,13.4375,1279,171.865625,0,0,0,4.870781786385129,15438,751.9512921821361
14.034386245501798,2500,350.85965613754496,13.908313908313907,1286,178.86091686091686,0,0,0,4.8722250903458955,15495,754.9512777490966
14.074370251899241,2500,351.859256297481,14.11042944785276,1303,183.85889570552146,0,0,0,4.891864057672503,15535,759.9510813594234
14.194322271091565,2500,354.8580567772891,13.7904468412943,1297,178.86209553158704,0,0,0,4.945160669617087,15590,770.9505483933038
14.314274290283887,2500,357.8568572570972,14.044512663085188,1302,182.85955487336915,0,0,0,4.972834771492489,15644,777.9502716522851
14.354258296681326,2500,358.8564574170332,14.198473282442748,1309,185.85801526717557,0,0,0,4.9853372434017595,15685,781.9501466275659
14.354258296681326,2500,358.8564574170332,14.068441064638785,1314,184.85931558935363,0,0,0,5.001588814744201,15734,786.9499841118526
14.39424230307877,2500,359.85605757696925,13.746223564954683,1323,181.86253776435044,0,0,0,5.064013182912917,15777,798.9493598681709
14.434226309476209,2500,360.8556577369052,13.629518072289157,1327,180.8637048192771,0,0,0,5.078001642139834,15832,803.9492199835786
14.554178328668533,2500,363.8544582167133,13.558052434456929,1334,180.86441947565544,0,0,0,5.096062992125984,15874,808.9490393700787
14.594162335065974,2500,364.85405837664933,14.01938851603281,1340,187.85980611483967,0,0,0,5.118382214406833,15922,814.948816177856
14.714114354258298,2500,367.85285885645743,13.761467889908257,1307,179.86238532110093,0,0,0,5.165082541270635,15991,825.9483491745873
14.83406637345062,2500,370.85165933626547,13.240954580446498,1298,171.86759045419555,0,0,0,5.215278210480403,16048,836.9478472178952
14.954018392642944,2500,373.85045981607357,13.43054489639294,1302,174.86569455103609,0,0,0,5.224900596421471,16095,840.9477509940358
14.954018392642944,2500,373.85045981607357,13.185975609756099,1311,172.86814024390245,0,0,0,5.264787860018581,16144,849.9473521213997
15.073970411835266,2500,376.84926029588166,13.216195569136746,1308,172.86783804430863,0,0,0,5.295969384605889,16200,857.9470403061539
15.233906437425029,2500,380.84766093562575,13.577421815408087,1310,177.86422578184593,0,0,0,5.31496062992126,16255,863.9468503937009
15.326130452180871,2498,382.84673869547817,13.882532418001524,1310,181.86117467581997,0,2,0,5.333823799889645,16310,869.9466617620011
15.418502202643172,2496,384.8458149779736,13.777441332323997,1320,181.86222558667677,0,4,0,5.379301913319885,16358,879.9462069808668
15.542168674698795,2489,386.844578313253,14.037735849056604,1324,185.85962264150945,8.333333333333332,11,0.9166666666666666,5.388929529383078,16403,883.9461107047063
15.582329317269075,2489,387.8441767068273,14.264036418816389,1317,187.85735963581186,8.333333333333332,11,0.9166666666666666,5.41279387643521,16460,890.9458720612356
15.635048231511254,2487,388.84364951768487,14.350797266514807,1316,188.85649202733484,7.142857142857142,13,0.9285714285714285,5.431097117946234,16515,896.9456890288205
15.848753016894609,2485,393.84151246983106,14.553638409602401,1332,193.854463615904,6.25,15,0.9375,5.476391740128004,16561,906.9452360825987
15.867901731776076,2482,393.84132098268225,14.46776611694153,1333,192.8553223388306,5.263157894736842,18,0.9473684210526315,5.53214543703347,16611,918.9446785456297
16.088709677419356,2479,398.8391129032258,14.912944738834216,1320,196.85087055261167,9.090909090909092,21,1.9090909090909092,5.549889002219956,16666,924.9445011099779
16.18240516545601,2477,400.83817594834545,14.501510574018129,1323,191.85498489425984,8.333333333333332,23,1.9166666666666665,5.604737408780955,16717,936.9439526259122
16.235864297253634,2475,401.83764135702745,14.750378214826021,1321,194.85249621785172,7.6923076923076925,25,1.9230769230769231,5.636992015254439,16781,945.9436300798474
16.45109135004042,2473,406.8354890864996,14.632297194844579,1318,192.85367702805155,7.142857142857142,27,1.9285714285714284,5.677296751588575,16838,955.9432270324842
16.51153379198705,2470,407.8348846620801,14.814814814814813,1322,195.85185185185185,6.451612903225806,30,1.935483870967742,5.696352439602085,16887,961.943036475604
16.59247268312424,2470,409.8340752731687,14.854517611026033,1305,193.85145482388972,6.451612903225806,30,1.935483870967742,5.723726913317991,16946,969.9427627308668
16.56541109761037,2468,408.8343458890239,15.098634294385432,1317,198.84901365705613,9.090909090909092,32,2.909090909090909,5.7487496322447775,16994,976.9425125036774
16.666666666666664,2465,410.8333333333333,15.69811320754717,1324,207.84301886792454,11.11111111111111,35,3.888888888888889,5.754003167341192,17048,980.9424599683266
16.863063795205203,2460,414.83136936204795,15.761689291101055,1325,208.84238310708898,12.195121951219512,40,4.878048780487805,5.783287527045202,17100,988.9421671247295
17.04637917005696,2457,418.82953620829943,15.966386554621847,1308,208.84033613445376,11.363636363636363,43,4.886363636363636,5.798368298368298,17159,994.9420163170163
17.06122448979592,2449,417.829387755102,16.296863045141546,1306,212.83703136954858,13.461538461538462,51,6.865384615384615,5.805101981521297,17208,998.9419489801847
17.15686274509804,2447,419.828431372549,16.2203519510329,1306,211.83779648048966,12.962962962962962,53,6.87037037037037,5.85645600417077,17262,1010.9414354399584
17.25265739983647,2445,421.82747342600163,16.755521706016754,1312,219.83244478293983,14.285714285714285,55,7.857142857142857,5.867391178680849,17298,1014.9413260882133
17.31477691363078,2442,422.82685223086366,16.730328495034378,1308,218.83269671504965,13.559322033898304,58,7.864406779661017,5.874214561595665,17346,1018.941257854384
17.336065573770494,2439,422.82663934426233,16.84370257966616,1317,221.83156297420334,14.516129032258066,61,8.85483870967742,5.897229566616852,17397,1025.941027704334
17.371663244353183,2434,422.82628336755647,17.267843438219494,1302,224.8273215656178,16.417910447761194,66,10.835820895522389,5.917736021998167,17455,1032.94082263978
17.564788153023446,2430,426.8243521184698,17.075038284839202,1305,222.8292496171516,15.492957746478872,70,10.84507042253521,5.95122508424239,17508,1041.9404877491577
17.71004942339374,2427,429.82289950576603,17.101226993865033,1303,222.82898773006136,16.216216216216218,73,11.837837837837839,5.983149265626779,17565,1050.9401685073437
17.746595130004128,2422,429.8225340487,17.23076923076923,1299,223.8276923076923,15.18987341772152,78,11.848101265822786,6.015549628284433,17620,1059.9398445037173
17.761255679471294,2420,429.8223874432053,17.47498075442648,1298,226.8252501924557,14.814814814814813,80,11.851851851851851,6.058034956728322,17678,1070.9394196504327
17.749275961936284,2416,428.8225072403806,17.615384615384617,1299,228.82384615384618,15.294117647058824,84,12.847058823529412,6.086416967509025,17727,1078.9391358303249
17.84679089026915,2414,430.8215320910973,17.579028527370856,1296,227.82420971472627,14.942528735632186,86,12.85057471264368,6.1142985712678595,17777,1086.9388570142874
18.023255813953487,2407,433.81976744186045,17.31066460587326,1293,223.82689335394124,17.02127659574468,93,15.829787234042552,6.146253925527143,17831,1095.9385374607448
18.185601331668746,2402,436.8181439866833,17.482517482517483,1286,224.82517482517483,17.17171717171717,98,16.828282828282827,6.197608136805633,17893,1108.9380239186319
18.25,2399,437.8175,17.067494181536073,1288,219.82932505818465,16.666666666666664,101,16.833333333333332,6.235720256338813,17944,1118.9376427974366
18.54332356634575,2388,442.8145667643365,16.780561883067577,1316,220.8321943811693,15.929203539823009,112,17.84070796460177,6.271195863679324,17986,1127.9372880413632
18.73162536749265,2380,445.81268374632504,17.16021260440395,1316,225.82839787395596,14.87603305785124,120,17.85123966942149,6.291225541821407,18040,1134.937087744582
18.778947368421054,2374,445.8122105263158,16.984006092916985,1312,222.83015993907082,14.960629921259844,126,18.850393700787404,6.335966414406452,18102,1146.936640335856
18.852804723745255,2370,446.8114719527626,17.41140215716487,1297,225.82588597842835,14.50381679389313,130,18.85496183206107,6.361183014815223,18156,1154.936388169852
18.82402707275804,2363,444.8117597292724,17.294388931591083,1300,224.82705611068408,15.942028985507244,137,21.840579710144926,6.3920922570016465,18209,1163.93607907743
18.890300720033885,2360,445.81109699279966,17.579908675799086,1313,230.824200913242,16.312056737588655,140,22.836879432624116,6.41025641025641,18251,1169.9358974358972
19.10828025477707,2354,449.8089171974523,17.378048780487802,1311,227.8262195121951,16.3265306122449,146,23.83673469387755,6.460244648318043,18311,1182.9353975535169
19.23404255319149,2349,451.80765957446806,17.065637065637066,1294,220.82934362934364,15.789473684210526,151,23.842105263157894,6.509552060088172,18372,1195.934904479399
19.30946291560102,2345,452.806905370844,17.18266253869969,1291,221.82817337461302,16.025641025641026,155,24.83974358974359,6.539672202322805,18425,1204.9346032779767
19.31623931623932,2339,451.80683760683763,17.206790123456788,1295,222.82793209876542,16.049382716049383,161,25.839506172839506,6.5627030539311235,18467,1211.9343729694606
19.341035515618312,2336,451.80658964484377,17.21183800623053,1283,220.82788161993767,15.757575757575756,164,25.84242424242424,6.594652984066974,18514,1220.9340534701594
19.494430162810623,2333,454.80505569837186,17.384494909945182,1276,221.82615505090055,15.476190476190476,167,25.845238095238095,6.634713770262265,18568,1231.9336528622975
19.579218548733362,2328,455.80420781451267,16.953125,1279,216.83046875,15.028901734104046,172,25.849710982658962,6.67347267744882,18610,1241.9332652732255
19.604471195184868,2325,455.80395528804814,17.086614173228345,1269,216.8291338582677,15.909090909090908,175,27.84090909090909,6.679174484052533,18654,1245.9332082551596
19.637462235649547,2316,454.8036253776435,17.325949367088608,1263,218.82674050632912,16.216216216216218,184,29.83783783783784,6.705850921720545,18714,1254.9329414907827
19.593425605536332,2311,452.80406574394465,17.284925019731652,1266,218.82715074980268,17.36842105263158,189,32.82631578947369,6.733127199061734,18757,1262.9326687280093
19.722583441699175,2306,454.802774165583,17.436305732484076,1255,218.82563694267515,16.923076923076923,194,32.830769230769235,6.760922717125545,18813,1271.9323907728287
19.765421372719373,2301,454.8023457862728,17.61866452131939,1242,218.8238133547868,17,199,33.830000000000005,6.788913031957177,18868,1280.9321108696804
19.817073170731707,2295,454.8018292682927,17.865804365400162,1236,220.821341956346,16.50485436893204,205,33.834951456310684,6.8181818181818175,18919,1289.931818181818
19.868995633187772,2289,454.8013100436681,17.179902755267424,1233,211.82820097244732,16.50943396226415,211,34.83490566037736,6.876745534067555,18976,1304.9312325446592
20.052539404553414,2283,457.79947460595446,16.814874696847212,1236,207.83185125303154,16.055045871559635,217,34.8394495412844,6.921742786566458,19026,1316.9307825721344
20.210896309314588,2275,459.7978910369069,17.119999999999997,1249,213.8288,15.929203539823009,225,35.84070796460177,6.936143441333753,19073,1322.9306385655866
20.07943512797882,2265,454.7992056487202,17.37051792828685,1254,217.82629482071712,17.372881355932204,235,40.82627118644068,6.943790849673202,19124,1327.9305620915031
20.256523662096416,2260,457.79743476337904,17.501988862370723,1256,219.82498011137628,17.012448132780083,240,40.8298755186722,6.996871741397288,19179,1341.930031282586
20.381882770870337,2251,458.7961811722913,18.269230769230766,1247,227.81730769230768,16.8,249,41.832,7.008786980710238,19232,1347.929912130193
20.43633125556545,2245,458.7956366874443,18.226600985221676,1217,221.8177339901478,16.796875,255,42.83203125,7.035175879396985,19302,1357.929648241206
20.473848904783193,2236,457.7952615109522,18.421052631578945,1215,223.8157894736842,17.358490566037734,264,45.82641509433962,7.077543007697473,19356,1369.929224569923
20.474910394265233,2231,456.7952508960574,18.961253091508656,1212,229.8103874690849,17.77777777777778,269,47.82222222222222,7.102755601339171,19414,1378.9289724439866
20.6927575348628,2222,459.79307242465137,18.801313628899834,1217,228.81198686371098,18.27956989247312,278,50.81720430107527,7.134779479798499,19453,1387.928652205202
20.742753623188406,2207,457.7925724637681,19.30116472545757,1201,231.8069883527454,18.367346938775512,293,53.81632653061225,7.150179395181958,19509,1394.928498206048
20.875113947128533,2193,457.7912488605287,19.411764705882355,1189,230.80588235294118,17.857142857142858,307,54.82142857142857,7.191413237924865,19564,1406.9280858676207
20.97069597069597,2183,457.790293040293,19.777397260273975,1167,230.80222602739727,17.29559748427673,317,54.82704402515723,7.2160220149824195,19622,1415.9278397798503
21.084060633899863,2176,458.789159393661,20.034246575342465,1167,233.79965753424656,17.23076923076923,324,55.8276923076923,7.240555244826359,19666,1423.9275944475519
21.023513139695712,2168,455.7897648686031,20.103986135181977,1153,231.79896013864817,18.01801801801802,332,59.81981981981982,7.2729117005629655,19716,1433.9272708829944
21.144967682363806,2165,457.78855032317637,20.38327526132404,1147,233.79616724738676,17.857142857142858,335,59.82142857142857,7.296463087587917,19762,1441.927035369124
21.296296296296298,2159,459.78703703703707,20.41343669250646,1160,236.79586563307492,17.83625730994152,341,60.82163742690058,7.318921103141732,19797,1448.9268107889686
21.385402138540215,2150,459.78614597861457,20.239111870196414,1170,236.79760888129803,17.94871794871795,350,62.82051282051282,7.3570168808264045,19844,1459.9264298311916
21.49532710280374,2139,459.78504672897196,20.71917808219178,1167,241.79280821917808,17.955801104972377,361,64.82044198895028,7.355455002513827,19889,1462.9264454499748
21.549295774647888,2129,458.7845070422535,20.882852292020374,1177,245.79117147707979,18.010752688172044,371,66.81989247311829,7.373017466372215,19923,1468.9262698253362
21.823334907888523,2116,461.78176665092116,21.1340206185567,1163,245.78865979381442,17.402597402597404,384,66.82597402597403,7.413154469916909,19977,1480.925868455301
21.759697256385998,2113,459.78240302743615,21.258503401360542,1175,249.7874149659864,17.783505154639176,387,68.8221649484536,7.44107071514183,20023,1489.9255892928486
21.92691029900332,2106,461.78073089700996,21.617021276595743,1174,253.78382978723403,17.72151898734177,394,69.82278481012658,7.464248343215905,20068,1497.9253575165678
21.930243669374107,2092,458.78069756330626,21.582115219260533,1162,250.7841788478074,18.581907090464547,408,75.81418092909536,7.4934115658097555,20110,1506.9250658843418
22.10475732820759,2080,459.7789524267179,21.563573883161514,1163,250.7843642611684,18.52731591448931,420,77.81472684085512,7.536217503472911,20155,1518.9246378249652
22.2329627839536,2068,459.77767037216046,22.058823529411764,1155,254.77941176470588,18.475750577367204,432,79.81524249422633,7.545769421078674,20209,1524.9245423057891
22.340942204953862,2058,459.77659057795046,22.318339100346023,1155,257.77681660899657,18.510158013544018,442,81.81489841986456,7.560578394117357,20262,1531.9243942160588
22.55381604696673,2043,460.7744618395303,22.34782608695652,1149,256.77652173913043,18.340611353711793,457,83.81659388646288,7.60222408109039,20322,1544.9239777591893
22.718351324828262,2037,462.7728164867517,22.486772486772484,1133,254.77513227513225,18.53448275862069,463,85.8146551724138,7.635310859217823,20378,1555.923646891408
22.857142857142858,2029,463.77142857142854,22.47992863514719,1120,251.77520071364853,18.43220338983051,471,86.8156779661017,7.687414366803679,20435,1570.923125856332
22.916666666666664,2015,461.7708333333333,22.142214221422144,1110,245.7785778577858,18.72427983539095,485,90.8127572016461,7.7392578125,20479,1584.922607421875
22.927072927072928,2001,458.7707292707293,22.911051212938006,1112,254.77088948787062,19.2,499,95.808,7.743664717348928,20519,1588.9225633528265
22.91875626880642,1993,456.770812437312,22.554347826086957,1103,248.77445652173913,19.291338582677163,507,97.80708661417323,7.787283686564263,20571,1601.9221271631345
22.972292191435766,1984,455.7702770780856,22.660550458715598,1089,246.77339449541284,19.342359767891683,516,99.80657640232107,7.834391816551123,20626,1615.9216560818345
22.964087000505817,1976,453.770359129995,23.13364055299539,1084,250.76866359447004,19.428571428571427,524,101.80571428571429,7.856417202844565,20670,1623.9214358279717
23.131672597864767,1966,454.7686832740214,23.084025854108955,1082,249.7691597414589,19.252336448598133,534,102.80747663551402,7.894355656414466,20710,1634.9210564434359
23.309426229508194,1951,454.7669057377049,22.794117647058822,1087,247.77205882352942,18.90909090909091,549,103.81090909090909,7.9310012527705505,20753,1645.9206899874723
23.09278350515464,1939,447.76907216494845,22.74401473296501,1085,246.77255985267035,19.9288256227758,561,111.80071174377224,7.955747955747956,20789,1653.9204425204425
22.941481097876746,1930,442.77058518902123,22.639780018331805,1090,246.77360219981668,20.490367775831874,570,116.79509632224169,7.991744264183547,20833,1664.9200825573582
22.888425443169968,1917,438.7711157455683,23.03473491773309,1093,251.76965265082268,20.89041095890411,583,121.79109589041096,8.011499760421657,20869,1671.9198850023956
22.906793048973142,1898,434.77093206951025,23.296500920810313,1085,252.76703499079187,21.22719734660033,602,127.787728026534,8.03921568627451,20909,1680.9196078431373
22.98728813559322,1887,433.77012711864404,23.573433115060805,1068,251.7642656688494,21.335504885993487,613,130.78664495114006,8.068517988357668,20957,1690.9193148201164
23.138297872340424,1879,434.76861702127655,23.81404174573055,1053,250.76185958254268,21.382636655948552,621,132.7861736334405,8.103735427075897,21014,1702.9189626457292
23.126338329764454,1867,431.76873661670237,23.732057416267942,1044,247.76267942583732,21.451104100946374,633,135.78548895899053,8.125563945481312,21056,1710.9187443605451
22.9897463572585,1852,425.77010253642743,23.597678916827853,1033,243.7640232108317,22.033898305084744,648,142.77966101694915,8.160750675323444,21100,1721.9183924932468
22.997275204359674,1834,421.7700272479564,23.039690222652467,1032,237.76960309777346,22.188905547226387,666,147.77811094452773,8.197341658388913,21140,1732.9180265834161
23.161361141602637,1821,421.76838638858396,22.276741903827283,1018,226.77723258096174,22.205882352941174,679,150.7779411764706,8.25510637294212,21198,1749.9174489362706
23.23008849557522,1807,419.76769911504425,22.233104799216456,1020,226.77766895200784,22.19020172910663,693,153.77809798270894,8.294497010780022,21242,1761.9170550298923
23.24022346368715,1789,415.7675977653631,22.093023255813954,1031,227.77906976744185,22.191011235955056,711,157.77808988764045,8.31570535420486,21272,1768.916842946458
23.4533183352081,1777,416.7654668166479,21.932367149758456,1034,226.78067632850244,21.96132596685083,723,158.7803867403315,8.354050377597448,21318,1780.916459496224
23.456090651558075,1764,413.7654390934844,21.994134897360702,1022,224.7800586510264,21.98100407055631,736,161.78018995929443,8.382869178563071,21364,1790.9161713082144
23.556317895940538,1748,411.7644368210406,22.11253701875617,1012,223.77887462981244,21.91235059760956,752,164.78087649402391,8.408815015407601,21417,1800.915911849846
23.51926394479586,1738,408.764807360552,22.379032258064516,991,221.77620967741936,22.280471821756226,762,169.77719528178244,8.438897168405365,21471,1811.915611028316
23.655292076344708,1728,408.7634470792366,22.446916076845298,988,221.77553083923155,22.121604139715394,772,170.77878395860284,8.460394198586835,21511,1819.915396058014
23.604651162790695,1719,405.76395348837207,22.68565615462869,982,222.77314343845373,22.25063938618926,781,173.7774936061381,8.494154759695677,21555,1830.9150584524032
23.481308411214954,1711,401.76518691588785,22.68565615462869,982,222.77314343845373,22.531645569620252,789,177.7746835443038,8.517832329782307,21589,1838.9148216767023
23.425544437904648,1698,397.7657445556209,22.278738555442523,982,218.77721261444557,22.66500622665006,802,181.77334993773349,8.5521449704142,21631,1849.9144785502958
23.49791790600833,1680,394.7650208209399,22.783505154639176,969,220.7721649484536,22.77710109622412,820,186.77222898903776,8.567474048442907,21674,1856.9143252595156
23.518850987432675,1670,392.7648114901257,23.05295950155763,962,221.76947040498442,22.743682310469314,830,188.77256317689532,8.597347577822804,21715,1866.9140265242218
23.582629674306393,1657,390.7641737032569,22.875131164742918,952,217.77124868835259,22.86729857819905,843,192.771327014218,8.637094920707883,21754,1878.913629050793
23.711340206185564,1648,390.7628865979381,22.66526757607555,952,215.77334732423924,22.626025791324736,852,192.77373974208675,8.663332262653146,21792,1887.9133666773735
23.76599634369287,1640,389.76234003656305,22.848034006376196,940,214.77151965993622,22.531939605110338,860,193.7746806039489,8.690078293118447,21840,1897.913099217069
23.80660954712362,1633,388.76193390452875,22.780748663101605,934,212.772192513369,22.465437788018434,867,194.7753456221198,8.713142857142858,21874,1905.9128685714286
24.103831891223734,1617,389.7589616810878,22.900763358778626,916,209.7709923664122,22.058823529411764,883,194.77941176470588,8.739281153074256,21923,1915.912607188469
24.064837905236907,1603,385.75935162094765,22.707423580786028,915,207.77292576419214,22.160356347438753,897,198.7783964365256,8.76929381232072,21962,1925.9123070618766
24.0251572327044,1589,381.75974842767295,22.342733188720175,921,205.7765726681128,22.25877192982456,911,202.77741228070175,8.802000454648784,21994,1935.9119799954535
24.19047619047619,1574,380.7580952380952,22.68266085059978,916,207.773173391494,22.114347357065803,926,204.77885652642934,8.82593298828657,22025,1943.9117406701173
24.115755627009648,1554,374.7588424437299,22.41953385127636,900,201.77580466148726,22.280887011615626,946,210.77719112988385,8.858981330433206,22067,1954.9114101866955
24.301494476933073,1538,373.75698505523064,22.483221476510067,893,200.7751677852349,22.118380062305295,962,212.77881619937693,8.868376996515995,22100,1959.9113162300348
24.142480211081793,1515,365.7585751978892,22.824858757062145,884,201.77175141242938,22.413793103448278,985,220.77586206896552,8.886780518659076,22133,1966.9111321948135
24.234354194407455,1501,363.7576564580559,23.522727272727273,879,206.76477272727274,22.3,999,222.77700000000002,8.893699544491048,22172,1971.911063004555
24.207687120701284,1482,358.757923128793,24.358974358974358,857,208.75641025641025,22.374877330716387,1018,227.77625122669284,8.903092226673268,22216,1977.9109690777332
24.184782608695652,1471,355.758152173913,24.228028503562946,841,203.75771971496437,22.62135922330097,1029,232.773786407767,8.93859767326955,22262,1989.9106140232673
24.453551912568305,1463,357.7554644808743,24.850657108721624,836,207.75149342891277,22.447013487475914,1037,232.77552986512524,8.95803443328551,22303,1997.9104196556673
24.43064182194617,1448,353.7556935817805,24.846248462484624,812,201.75153751537516,22.507122507122507,1052,236.77492877492878,8.992081599785264,22352,2009.9100791840021
24.546722454672246,1433,351.7545327754533,24.96940024479804,816,203.75030599755203,22.47191011235955,1067,239.7752808988764,9.014160003573503,22386,2017.9098583999644
24.557678697806086,1412,346.75442321302194,24.84548825710754,808,200.75154511742892,22.58953168044077,1088,245.7741046831956,9.028087382969238,22429,2024.9097191261703
24.482512491077802,1400,342.7551748750892,24.6558197747184,798,196.7534418022528,22.797456857402363,1100,250.772025431426,9.054890263989671,22462,2033.90945109736
24.458874458874458,1385,338.7554112554112,24.81012658227848,789,195.75189873417722,22.939068100358423,1115,255.7706093189964,9.075555555555557,22499,2041.9092444444445
24.579370885149963,1366,335.7542062911485,24.54780361757106,773,189.7545219638243,22.90748898678414,1134,259.77092511013217,9.113497204720916,22537,2053.9088650279527
24.48377581120944,1355,331.75516224188794,24.348958333333336,767,186.75651041666669,23.036649214659686,1145,263.76963350785337,9.135211766790714,22571,2061.908647882332
24.59016393442623,1341,329.75409836065575,24.500665778961384,750,183.75499334221038,22.93103448275862,1159,265.7706896551724,9.149199610860528,22613,2068.9085080038913
24.73604826546003,1325,327.7526395173454,24.327956989247312,743,180.75672043010752,22.874149659863946,1175,268.7712585034014,9.176823882706236,22643,2077.908231761173
24.562737642585553,1314,322.75437262357417,24.230254350736278,746,180.75769745649262,23.08340353833193,1186,273.76916596461666,9.215980245171531,22677,2089.9078401975485
24.42572741194487,1305,318.75574272588057,24.119241192411923,737,177.75880758807588,23.244147157190636,1195,277.7675585284281,9.239441581891047,22706,2097.907605584181
24.573643410852714,1289,316.75426356589145,24.51523545706371,721,176.75484764542935,23.1023102310231,1211,279.76897689768975,9.254781270608925,22744,2104.907452187294
24.726134585289515,1277,315.7527386541471,24.753867791842477,710,175.7524613220816,23.03921568627451,1223,281.76960784313724,9.279662876958868,22780,2113.9072033712305
24.643423137876386,1261,310.75356576862123,25.390070921985814,704,178.74609929078014,23.14516129032258,1239,286.76854838709676,9.290192467885484,22808,2118.9070980753213
24.83974358974359,1247,309.7516025641026,25.248226950354606,704,177.74751773049644,22.966507177033492,1253,287.77033492822966,9.308231173380035,22839,2125.9069176882663
24.878444084278765,1233,306.7512155591572,25.79710144927536,689,177.74202898550723,22.949526813880126,1267,290.7705047318612,9.327738438674709,22877,2133.9067226156135
25.061626951520132,1216,304.7493837304848,25.88757396449704,675,174.74112426035504,22.879377431906615,1284,293.77120622568094,9.347181008902076,22915,2141.9065281899107
25.041597337770384,1201,300.7495840266223,24.890190336749633,682,169.75109809663252,22.923076923076923,1299,297.77076923076925,9.380176096242698,22941,2151.9061982390376
25.02113271344041,1182,295.74978867286563,24.45095168374817,682,166.75549048316253,22.97194844579227,1318,302.7702805155421,9.391327063740857,22967,2156.9060867293624
24.89379779099405,1176,292.75106202209,24.78134110787172,685,169.7521865889213,23.09433962264151,1324,305.7690566037736,9.39810385317909,22993,2160.9060189614684
24.935289042277827,1158,288.7506471095772,24.528301886792452,688,168.75471698113208,23.08265078183172,1342,309.76917349218166,9.423060213745764,23017,2168.9057693978625
25.30647985989492,1141,288.746935201401,23.97058823529412,679,162.76029411764708,22.86764705882353,1359,310.77132352941175,9.456880097171611,23051,2179.905431199028
25.533807829181494,1123,286.74466192170814,23.52941176470588,679,159.76470588235293,22.71407837445573,1377,312.7728592162554,9.482534454364218,23073,2187.9051746554564
25.537634408602152,1115,284.744623655914,24.11242603550296,675,162.75887573964496,22.7994227994228,1385,315.7720057720058,9.496191135734072,23103,2193.905038088643
25.636363636363633,1099,281.74363636363637,24.210526315789473,664,160.7578947368421,22.75320970042796,1401,318.7724679029957,9.533275713050994,23139,2205.9046672428694
25.78268876611418,1085,279.7421731123389,24.279210925644918,658,159.75720789074356,22.66949152542373,1415,320.7733050847458,9.548888409238074,23164,2211.9045111159076
25.857275254865613,1078,278.7414272474513,24.079754601226995,651,156.75920245398774,22.69852424455376,1422,322.77301475755445,9.576347886049218,23202,2221.9042365211394
25.800376647834273,1061,273.7419962335216,24.605678233438486,633,155.7539432176656,22.84722222222222,1439,328.77152777777775,9.579137619416473,23237,2225.9042086238055
26,1049,272.74,24.285714285714285,629,152.75714285714287,22.727272727272727,1451,329.77272727272725,9.591161171058854,23260,2230.9040883882894
25.893719806763283,1034,267.74106280193234,24.32,624,151.7568,22.903885480572598,1466,335.7709611451943,9.609686976684271,23288,2237.903903130233
25.708699902248288,1022,262.7429130009775,24.444444444444443,629,153.75555555555556,23.056118999323868,1478,340.76943881000676,9.626356655656128,23310,2243.9037364334436
25.768087215064423,1008,259.7423191278494,24.798711755233494,620,153.75201288244767,23.040857334226388,1492,343.7695914266577,9.636231200994045,23338,2248.90363768799
25.900000000000002,999,258.741,25,611,152.75,22.969374167776298,1501,344.77030625832225,9.643040575243965,23363,2252.9035695942475
25.760649087221093,985,253.74239350912777,24.600638977635782,625,153.75399361022363,23.08707124010554,1515,349.76912928759896,9.659212382947793,23386,2258.9034078761706
26.02880658436214,971,252.7397119341564,24.046434494195687,602,144.75953565505804,23.00653594771242,1529,351.7699346405229,9.695184426229508,23423,2270.903048155738
25.840336134453786,951,245.7415966386555,24.222585924713584,610,147.75777414075287,23.161290322580644,1549,358.7683870967742,9.708240914519708,23443,2275.902917590855
25.79957356076759,937,241.74200426439234,24.065040650406505,614,147.75934959349595,23.209718670076725,1563,362.7679028132992,9.724708088297964,23465,2281.902752919117
25.593952483801296,925,236.744060475162,24.025974025974026,615,147.75974025974025,23.3502538071066,1575,367.76649746192896,9.74841428632242,23490,2289.9025158571367
25.492341356673958,913,232.74507658643324,23.15112540192926,621,143.7684887459807,23.425692695214106,1587,371.7657430730479,9.77331688852975,23512,2297.902266831115
25.583982202447164,898,229.74416017797554,22.940226171243943,618,141.77059773828756,23.393636930754834,1602,374.7660636306925,9.790180088345226,23543,2304.9020981991166
25.71103526734926,878,225.74288964732648,22.76422764227642,614,139.77235772357722,23.35181762168823,1622,378.7664818237831,9.8145712224721,23566,2312.901854287775
25.635103926096996,865,221.74364896073902,23.491027732463294,612,143.76508972267538,23.41075794621027,1635,382.7658924205379,9.825781018184902,23590,2317.901742189818
25.586854460093893,851,217.74413145539904,23.865546218487395,594,141.76134453781512,23.454545454545457,1649,386.7654545454546,9.837453437182527,23623,2323.901625465628
25.598086124401913,835,213.744019138756,24.703891708967852,590,145.75296108291033,23.46938775510204,1665,390.765306122449,9.83509513742072,23649,2325.9016490486256
25.880923450789794,822,212.74119076549212,24.52504317789292,578,141.75474956822106,23.466349017272186,1678,393.7653365098273,9.852612019088644,23678,2332.901473879809
25.707257072570727,812,208.74292742927432,24.381625441696116,565,137.75618374558306,23.564239194789817,1688,397.7643576080521,9.866700413397451,23705,2338.9013329958657
25.65707133917397,798,204.7434292866083,24.548736462093864,553,135.75451263537906,23.60540223135643,1702,401.76394597768643,9.87737558467827,23730,2343.9012262441533
25.696202531645568,789,202.74303797468352,24.49725776965265,546,133.75502742230347,23.598130841121495,1711,403.7640186915888,9.889277143939713,23752,2348.9011072285607
25.673940949935815,778,199.74326059050063,23.782771535580522,533,126.7621722846442,23.621590249564715,1722,406.76378409750436,9.916312712897934,23778,2357.900836872871
25.36136662286465,760,192.74638633377134,23.224568138195778,520,120.76775431861805,23.779437105112006,1740,413.7622056289489,9.947907914636197,23803,2367.900520920854
25.500667556742325,748,190.74499332443258,22.884615384615383,519,118.77115384615384,23.730747290359382,1752,415.76269252709636,9.960962095453974,23822,2372.9003903790453
25.203252032520325,737,185.7479674796748,23.122529644268774,505,116.76877470355731,23.866213151927436,1763,420.7613378684807,9.977362287247422,23853,2379.9002263771276
25.30949105914718,726,183.74690508940856,23.306772908366533,501,116.76693227091633,23.83098591549296,1774,422.7616901408451,9.982824347534667,23870,2382.9001717565247
25.105782792665725,708,177.74894217207333,24.6031746031746,503,123.75396825396825,23.92638036809816,1792,428.76073619631904,9.983256592716618,23889,2384.900167434073
25.251076040172165,696,175.74748923959828,24.59349593495935,491,120.7540650406504,23.878116343490305,1804,430.7612188365651,9.998745452264458,23912,2390.9000125454772
25.292397660818715,683,172.74707602339183,24.583333333333332,479,117.75416666666666,23.87238723872387,1817,433.76127612761275,10.020885547201337,23939,2398.899791144528
24.88822652757079,670,166.7511177347243,24.307036247334754,468,113.75692963752665,24.030584380120153,1830,439.7596941561988,10.033807754914646,23958,2403.899661922451
24.92354740061162,653,162.75076452599387,24.675324675324674,461,113.75324675324676,24.025974025974026,1847,443.7597402597402,10.039624608967674,23974,2406.8996037539105
24.84472049689441,643,159.75155279503105,25.057471264367813,434,108.74942528735632,24.058127018299245,1857,446.759418729817,10.057471264367816,24011,2414.8994252873563
24.409448818897637,634,154.75590551181102,25.454545454545453,439,111.74545454545454,24.20996250669523,1866,451.757900374933,10.064097228002996,24025,2417.89935902772
24.401913875598087,626,152.755980861244,25.462962962962965,431,109.74537037037038,24.266666666666666,1874,454.75733333333335,10.085640641889084,24053,2425.8991435935814
24.394184168012924,618,150.7560581583199,25.71428571428571,419,107.74285714285713,24.269782262347317,1882,456.7573021773765,10.09966777408638,24079,2431.8990033222594
24.098360655737704,609,146.75901639344264,25.91687041564792,408,105.7408312958435,24.418604651162788,1891,461.75581395348837,10.121961337426368,24105,2439.8987803866257
23.608768971332207,592,139.76391231028668,26.804123711340207,387,103.73195876288659,24.567836563645887,1908,468.7543216343635,10.126792077566918,24133,2443.8987320792244
23.760683760683758,584,138.76239316239315,28.418230563002684,372,105.71581769436999,24.517475221700575,1916,469.754825247783,10.131611621554507,24161,2447.8986838837845
24.21602787456446,573,138.75783972125436,28.64864864864865,369,105.71351351351352,24.37759336099585,1927,469.75622406639,10.148463669823416,24180,2453.898515363302
24.119718309859156,567,136.7588028169014,28.688524590163933,365,104.71311475409836,24.40537745604964,1933,471.7559462254395,10.17229269098872,24202,2461.89827707309
23.508137432188065,552,129.76491862567812,28.80886426592798,360,103.71191135734072,24.576706003078503,1948,478.7542329399692,10.182508877694277,24217,2465.898174911223
23.605947955390334,537,126.7639405204461,28.36676217765043,348,98.7163323782235,24.54175152749491,1963,481.75458248472506,10.198019801980198,24239,2471.89801980198
23.908918406072104,526,125.76091081593927,29.32551319648094,340,99.7067448680352,24.455696202531644,1974,482.7554430379747,10.203240301768561,24256,2474.897967596982
24.271844660194176,514,124.75728155339806,29.376854599406528,336,98.70623145400593,24.35832913940614,1986,483.75641670860597,10.205595154711384,24270,2476.897944048453
24.055666003976143,502,120.75944333996023,29.573170731707314,327,96.70426829268293,24.412206103051524,1998,487.7558779389695,10.212485587217921,24283,2479.8978751441277
24.693877551020407,489,120.7530612244898,29.874213836477985,317,94.70125786163521,24.254473161033797,2011,487.75745526838966,10.218527511420223,24298,2482.897814724886
24.375,479,116.75625,30.063291139240505,315,94.69936708860759,24.33234421364985,2021,491.7566765578635,10.221289897992762,24311,2484.89778710102
24.203821656050955,470,113.7579617834395,29.746835443037973,315,93.70253164556961,24.372230428360414,2030,494.7562776957164,10.232691991448775,24323,2488.8976730800855
24.190064794816415,462,111.75809935205184,30.363036303630363,302,91.6963696369637,24.374693477194704,2038,496.75625306522807,10.237449675458056,24341,2491.8976255032453
24.561403508771928,455,111.75438596491227,30,289,86.7,24.34017595307918,2045,497.7565982404692,10.254936573750975,24358,2497.8974506342624
25.28216704288939,442,111.74717832957111,29.20962199312715,290,84.70790378006873,24.1864983001457,2058,497.7581350169985,10.261775808304611,24371,2500.897382241917
25.290023201856147,430,108.74709976798144,28.57142857142857,279,79.71428571428571,24.23949782713665,2070,501.75760502172864,10.289837248390931,24392,2509.897101627516
25.653206650831358,420,107.7434679334917,28.832116788321166,273,78.71167883211679,24.171071600192214,2080,502.75828928399807,10.297492214391085,24403,2512.897025077856
25.552825552825553,406,103.74447174447175,27.92452830188679,264,73.72075471698113,24.200477326968976,2094,506.7579952267303,10.311642573405955,24418,2517.896883574266
26.02040816326531,391,101.73979591836735,28.413284132841326,270,76.71586715867159,24.123222748815166,2109,508.7587677725118,10.312359274573218,24426,2518.8968764072542
26.109660574412537,382,99.73890339425589,27.83882783882784,272,75.72161172161172,24.115148655025955,2118,510.7588485134497,10.320838107709935,24435,2521.8967916189226
26.25994694960212,376,98.73740053050398,27.238805970149254,267,72.72761194029852,24.094117647058823,2124,511.7590588235294,10.32888816166244,24445,2524.8967111183833
26.287262872628723,368,96.73712737127371,26.37795275590551,253,66.73622047244093,24.097515236755743,2132,513.7590248476324,10.345391375434295,24464,2530.896546086246
25.90529247910863,358,92.74094707520891,25.523012552301257,238,60.74476987447699,24.171721885207653,2142,517.758282781148,10.361445783132531,24484,2536.896385542169
26.07449856733524,348,90.73925501432664,25.97402597402597,230,59.74025974025974,24.152345564328844,2152,519.7584765443568,10.371851912322953,24498,2540.896281480877
25.730994152046783,341,87.74269005847952,25.675675675675674,221,56.74324324324324,24.212962962962965,2159,522.7578703703704,10.389981235212533,24513,2546.8961001876482
25.07462686567164,334,83.74925373134327,26.10619469026549,225,58.73893805309735,24.319335486848175,2166,526.7568066451315,10.39517148566535,24520,2548.8960482851435
24.0625,319,76.759375,25.44642857142857,223,56.74553571428571,24.47296058661778,2181,533.7552703941338,10.41411918154398,24533,2554.8958588081846
23.7012987012987,307,72.76298701298701,25,211,52.75,24.521422060164085,2193,537.7547857793984,10.427698574338086,24549,2559.895723014257
24.25249169435216,300,72.75747508305648,23.85786802030457,196,46.76142131979695,24.443434802362564,2200,537.7555656519763,10.448550960599153,24567,2566.8955144903944
24.2320819112628,292,70.75767918088737,22.797927461139896,192,43.7720207253886,24.44545043005885,2208,539.7555454956995,10.45650581821141,24577,2569.895434941818
24.014336917562723,278,66.75985663082437,23.655913978494624,185,43.763440860215056,24.471434997750787,2222,543.7552856500225,10.456320156173742,24587,2570.8954367984384
24.45255474452555,273,66.75547445255475,23.497267759562842,182,42.76502732240437,24.416517055655294,2227,543.7558348294434,10.4687563524007,24596,2574.8953124364757
25.28301886792453,264,66.74716981132076,23.756906077348066,180,42.76243093922652,24.318283415288334,2236,543.7568171658471,10.472629739505019,24606,2576.8952737026048
25.78125,255,65.7421875,24.30939226519337,180,43.75690607734806,24.265360641139804,2245,544.7573463935886,10.474990857746535,24610,2577.8952500914224
25.203252032520325,245,61.74796747967479,24.719101123595504,177,43.752808988764045,24.335106382978726,2255,548.7566489361702,10.476925576860578,24615,2578.8952307442314
25.64102564102564,233,59.74358974358974,24,174,41.76,24.294532627865962,2267,550.7570546737213,10.480367076785642,24626,2580.895196329232
24.561403508771928,227,55.75438596491228,23.52941176470588,169,39.76470588235294,24.406332453825858,2273,554.7559366754617,10.487438613580096,24638,2583.8951256138644
25.339366515837103,220,55.74660633484163,23.52941176470588,169,39.76470588235294,24.331433581762386,2280,554.7566856641823,10.489368608992047,24643,2584.89510631391
25.688073394495415,217,55.74311926605505,24.11764705882353,169,40.758823529411764,24.299474605954465,2283,554.7570052539404,10.49172346640701,24647,2585.8950827653357
25.59241706161137,210,53.74407582938388,26.08695652173913,160,41.73913043478261,24.312527280663467,2290,556.7568747271933,10.489822398832212,24661,2586.895101776012
25.98039215686275,203,52.740196078431374,24.675324675324674,153,37.753246753246756,24.281984334203656,2297,557.7571801566579,10.501783398184177,24671,2590.894982166018
27.31958762886598,193,52.72680412371133,24.025974025974026,153,36.75974025974026,24.176776429809358,2307,557.7582322357018,10.503707906147424,24676,2591.8949629209387
27.659574468085108,187,51.72340425531915,24.666666666666668,149,36.75333333333334,24.15730337078652,2313,558.7584269662922,10.501154640845927,24682,2591.8949884535914
27.27272727272727,175,47.72727272727273,24.305555555555554,143,34.75694444444444,24.20464316423044,2325,562.7579535683577,10.511398145523748,24696,2595.8948860185446
27.976190476190478,167,46.720238095238095,25.735294117647058,135,34.74264705882353,24.164524421593832,2333,563.758354755784,10.514813016027198,24707,2597.89485186984
28.04878048780488,163,45.71951219512196,27.06766917293233,132,35.72932330827067,24.16595380667237,2337,564.7583404619332,10.51268563104439,24712,2597.8948731436894
27.500000000000004,159,43.725,28.030303030303028,131,36.71969696969697,24.21007685738685,2341,566.7578992314261,10.510559106723845,24717,2597.894894408933
28.02547770700637,156,43.71974522292994,28.24427480916031,130,36.7175572519084,24.17910447761194,2344,566.7582089552238,10.50843344254338,24722,2597.8949156655744
26.53061224489796,146,38.734693877551024,26.923076923076923,129,34.730769230769226,24.28874734607219,2354,571.7571125265392,10.518015285696954,24728,2600.894819847143
25.874125874125873,142,36.74125874125874,25.984251968503933,126,32.740157480314956,24.33234421364985,2358,573.7566765578634,10.527592480291085,24734,2603.8947240751972
26.515151515151516,131,34.734848484848484,24.369747899159663,118,28.756302521008404,24.30379746835443,2369,575.7569620253164,10.539077022549098,24745,2607.8946092297742
25.806451612903224,123,31.741935483870968,22.321428571428573,111,24.776785714285715,24.348191757779645,2377,578.7565180824222,10.550551359211537,24756,2611.894494486408
27.192982456140353,113,30.7280701754386,22.22222222222222,107,23.777777777777775,24.288107202680067,2387,579.7571189279732,10.55288558620411,24760,2612.8944711441377
27.27272727272727,109,29.727272727272727,21.904761904761905,104,22.78095238095238,24.28929765886288,2391,580.7571070234114,10.555645291552253,24763,2613.8944435470844
27.722772277227726,100,27.722772277227726,24.03846153846154,103,24.759615384615387,24.281549354435654,2400,582.7571845064557,10.55308841340331,24769,2613.8944691158663
28.723404255319153,93,26.712765957446813,25.24271844660194,102,25.74757281553398,24.25249169435216,2407,583.7574750830565,10.555847091591652,24772,2614.8944415290844
28.888888888888886,89,25.71111111111111,23.46938775510204,97,22.76530612244898,24.253731343283583,2411,584.7574626865671,10.565398119375278,24778,2617.894346018806
26.506024096385545,82,21.734939759036145,22.82608695652174,91,20.77173913043478,24.348904505994213,2418,588.75651095494,10.57005688465728,24786,2619.8942994311537
29.333333333333332,74,21.706666666666667,21.59090909090909,87,18.78409090909091,24.26864441697569,2426,588.7573135558303,10.576418861683676,24790,2621.894235811383
28.985507246376812,68,19.710144927536234,21.839080459770116,86,18.7816091954023,24.290998766954377,2432,590.7570900123304,10.579599080385593,24792,2622.894204009196
28.57142857142857,62,17.71428571428571,23.456790123456788,80,18.76543209876543,24.313243132431325,2438,592.7568675686757,10.576186444094997,24800,2622.894238135559
28.07017543859649,56,15.719298245614034,25.333333333333336,74,18.74666666666667,24.335378323108383,2444,594.7566462167689,10.577233150596582,24807,2623.8942276684943
31.25,47,14.6875,25,71,17.75,24.28687856560717,2453,595.757131214344,10.57913190666183,24812,2624.8942086809334
29.545454545454547,43,12.704545454545455,23.52941176470588,67,15.76470588235294,24.32872253864931,2457,597.7567127746136,10.585485755731957,24816,2626.8941451424425
29.72972972972973,36,10.702702702702704,21.875,63,13.78125,24.34077079107505,2464,599.7565922920893,10.591410845217952,24821,2628.894085891548
30,29,8.7,24.193548387096776,61,14.758064516129032,24.352750809061487,2471,601.7564724919093,10.590130916414903,24824,2628.8940986908356
26.923076923076923,25,6.730769230769231,26.31578947368421,56,14.736842105263158,24.394184168012924,2475,603.7560581583199,10.58799838904551,24829,2628.8941200161094
31.57894736842105,18,5.684210526315789,27.27272727272727,54,14.727272727272727,24.36568666935159,2482,604.7563431333065,10.5871456185567,24831,2628.8941285438145
37.5,15,5.625,29.166666666666668,47,13.708333333333334,24.336283185840706,2485,604.7566371681415,10.591787439613528,24839,2630.894082125604
35.714285714285715,13,4.642857142857143,26.666666666666668,44,11.733333333333333,24.356913183279744,2487,605.7564308681672,10.598558950207302,24842,2632.8940144104977
40,9,3.6,25.581395348837212,42,10.74418604651163,24.357945425361155,2491,606.7564205457463,10.601730730529281,24844,2633.8939826926944
50,7,3.5,25.64102564102564,38,9.743589743589743,24.33841218925421,2493,606.7566158781075,10.60404845265403,24848,2634.8939595154734
42.857142857142854,6,2.571428571428571,28.57142857142857,34,9.714285714285714,24.3687374749499,2494,607.7563126252505,10.60234176960528,24852,2634.893976582304
25,3,0.75,30,29,8.7,24.419535628502803,2497,609.755804643715,10.6042320379757,24857,2635.89395767962
0,0,0,29.629629629629626,26,7.703703703703703,24.430227908836464,2500,610.7556977209116,10.606974779775552,24860,2636.893930252202
0,0,0,33.33333333333333,23,7.666666666666666,24.430227908836464,2500,610.7556977209116,10.605694980694981,24863,2636.8939430501932
0,0,0,40,19,7.6000000000000005,24.430227908836464,2500,610.7556977209116,10.603989062248672,24867,2636.8939601093775
0,0,0,40,19,7.6000000000000005,24.430227908836464,2500,610.7556977209116,10.603989062248672,24867,2636.8939601093775
0,0,0,40,19,7.6000000000000005,24.430227908836464,2500,610.7556977209116,10.603989062248672,24867,2636.8939601093775
0,0,0,40,14,5.6000000000000005,24.430227908836464,2500,610.7556977209116,10.609898283279058,24872,2638.8939010171675
0,0,0,30.76923076923077,12,3.6923076923076925,24.430227908836464,2500,610.7556977209116,10.617085427135677,24874,2640.8938291457284
0,0,0,33.33333333333333,11,3.6666666666666665,24.430227908836464,2500,610.7556977209116,10.616658626788873,24875,2640.8938334137324
0,0,0,40,9,3.6,24.430227908836464,2500,610.7556977209116,10.615805129029665,24877,2640.89384194871
0,0,0,40,9,3.6,24.430227908836464,2500,610.7556977209116,10.615805129029665,24877,2640.89384194871
0,0,0,33.33333333333333,8,2.6666666666666665,24.430227908836464,2500,610.7556977209116,10.619397885767112,24878,2641.893806021142
0,0,0,42.857142857142854,6,2.571428571428571,24.430227908836464,2500,610.7556977209116,10.618544270728668,24880,2641.8938145572924
0,0,0,33.33333333333333,5,1.6666666666666665,24.430227908836464,2500,610.7556977209116,10.62213648420545,24881,2642.893778635158
0,0,0,50,3,1.5,24.430227908836464,2500,610.7556977209116,10.621282751969137,24883,2642.89378717248
0,0,0,50,3,1.5,24.430227908836464,2500,610.7556977209116,10.621282751969137,24883,2642.89378717248
0,0,0,66.66666666666666,2,1.3333333333333333,24.430227908836464,2500,610.7556977209116,10.620855937311633,24884,2642.893791440627
0,0,0,50,1,0.5,24.430227908836464,2500,610.7556977209116,10.62444748051113,24885,2643.8937555251946
0,0,0,50,1,0.5,24.430227908836464,2500,610.7556977209116,10.62444748051113,24885,2643.8937555251946
0,0,0,50,1,0.5,24.430227908836464,2500,610.7556977209116,10.62444748051113,24885,2643.8937555251946
0,0,0,0,0,0,24.430227908836464,2500,610.7556977209116,10.628038735082573,24886,2644.8937196126494
0,0,0,0,0,0,24.430227908836464,2500,610.7556977209116,10.628038735082573,24886,2644.8937196126494
0,0,0,0,0,0,24.430227908836464,2500,610.7556977209116,10.628038735082573,24886,2644.8937196126494
0,0,0,0,0,0,24.430227908836464,2500,610.7556977209116,10.628038735082573,24886,2644.8937196126494
0,0,0,0,0,0,24.430227908836464,2500,610.7556977209116,10.628038735082573,24886,2644.8937196126494
0,0,0,0,0,0,24.430227908836464,2500,610.7556977209116,10.628038735082573,24886,2644.8937196126494
0,0,0,0,0,0,24.430227908836464,2500,610.7556977209116,10.628038735082573,24886,2644.8937196126494
0,0,0,0,0,0,24.430227908836464,2500,610.7556977209116,10.628038735082573,24886,2644.8937196126494
0,0,0,0,0,0,24.430227908836464,2500,610.7556977209116,10.628038735082573,24886,2644.8937196126494
0,0,0,0,0,0,24.430227908836464,2500,610.7556977209116,10.628038735082573,24886,2644.8937196126494
0,0,0,0,0,0,24.430227908836464,2500,610.7556977209116,10.628038735082573,24886,2644.8937196126494
0,0,0,0,0,0,24.430227908836464,2500,610.7556977209116,10.628038735082573,24886,2644.8937196126494
0,0,0,0,0,0,24.430227908836464,2500,610.7556977209116,10.628038735082573,24886,2644.8937196126494
0,0,0,0,0,0,24.430227908836464,2500,610.7556977209116,10.628038735082573,24886,2644.8937196126494
0,0,0,0,0,0,24.430227908836464,2500,610.7556977209116,10.628038735082573,24886,2644.8937196126494
0,0,0,0,0,0,24.430227908836464,2500,610.7556977209116,10.628038735082573,24886,2644.8937196126494
0,0,0,0,0,0,24.430227908836464,2500,610.7556977209116,10.628038735082573,24886,2644.8937196126494
0,0,0,0,0,0,24.430227908836464,2500,610.7556977209116,10.628038735082573,24886,2644.8937196126494
0,0,0,0,0,0,24.430227908836464,2500,610.7556977209116,10.628038735082573,24886,2644.8937196126494
0,0,0,0,0,0,24.430227908836464,2500,610.7556977209116,10.628038735082573,24886,2644.8937196126494
0,0,0,0,0,0,24.430227908836464,2500,610.7556977209116,10.628038735082573,24886,2644.8937196126494
0,0,0,0,0,0,24.430227908836464,2500,610.7556977209116,10.628038735082573,24886,2644.8937196126494
0,0,0,0,0,0,24.430227908836464,2500,610.7556977209116,10.628038735082573,24886,2644.8937196126494
0,0,0,0,0,0,24.430227908836464,2500,610.7556977209116,10.628038735082573,24886,2644.8937196126494
0,0,0,0,0,0,24.430227908836464,2500,610.7556977209116,10.628038735082573,24886,2644.8937196126494
0,0,0,0,0,0,24.430227908836464,2500,610.7556977209116,10.628038735082573,24886,2644.8937196126494
0,0,0,0,0,0,24.430227908836464,2500,610.7556977209116,10.628038735082573,24886,2644.8937196126494
0,0,0,0,0,0,24.430227908836464,2500,610.7556977209116,10.628038735082573,24886,2644.8937196126494
0,0,0,0,0,0,24.430227908836464,2500,610.7556977209116,10.628038735082573,24886,2644.8937196126494
0,0,0,0,0,0,24.430227908836464,2500,610.7556977209116,10.628038735082573,24886,2644.8937196126494
0,0,0,0,0,0,24.430227908836464,2500,610.7556977209116,10.628038735082573,24886,2644.8937196126494
0,0,0,0,0,0,24.430227908836464,2500,610.7556977209116,10.628038735082573,24886,2644.8937196126494
0,0,0,0,0,0,24.430227908836464,2500,610.7556977209116,10.628038735082573,24886,2644.8937196126494
0,0,0,0,0,0,24.430227908836464,2500,610.7556977209116,10.628038735082573,24886,2644.8937196126494
0,0,0,0,0,0,24.430227908836464,2500,610.7556977209116,10.628038735082573,24886,2644.8937196126494
0,0,0,0,0,0,24.430227908836464,2500,610.7556977209116,10.628038735082573,24886,2644.8937196126494
0,0,0,0,0,0,24.430227908836464,2500,610.7556977209116,10.628038735082573,24886,2644.8937196126494
0,0,0,0,0,0,24.430227908836464,2500,610.7556977209116,10.628038735082573,24886,2644.8937196126494
0,0,0,0,0,0,24.430227908836464,2500,610.7556977209116,10.628038735082573,24886,2644.8937196126494
0,0,0,0,0,0,24.430227908836464,2500,610.7556977209116,10.628038735082573,24886,2644.8937196126494
0,0,0,0,0,0,24.430227908836464,2500,610.7556977209116,10.628038735082573,24886,2644.8937196126494
0,0,0,0,0,0,24.430227908836464,2500,610.7556977209116,10.628038735082573,24886,2644.8937196126494
0,0,0,0,0,0,24.430227908836464,2500,610.7556977209116,10.628038735082573,24886,2644.8937196126494
0,0,0,0,0,0,24.430227908836464,2500,610.7556977209116,10.628038735082573,24886,2644.8937196126494
0,0,0,0,0,0,24.430227908836464,2500,610.7556977209116,10.628038735082573,24886,2644.8937196126494
0,0,0,0,0,0,24.430227908836464,2500,610.7556977209116,10.628038735082573,24886,2644.8937196126494
0,0,0,0,0,0,24.430227908836464,2500,610.7556977209116,10.628038735082573,24886,2644.8937196126494
0,0,0,0,0,0,24.430227908836464,2500,610.7556977209116,10.628038735082573,24886,2644.8937196126494
0,0,0,0,0,0,24.430227908836464,2500,610.7556977209116,10.628038735082573,24886,2644.8937196126494
0,0,0,0,0,0,24.430227908836464,2500,610.7556977209116,10.628038735082573,24886,2644.8937196126494
0,0,0,0,0,0,24.430227908836464,2500,610.7556977209116,10.628038735082573,24886,2644.8937196126494
0,0,0,0,0,0,24.430227908836464,2500,610.7556977209116,10.628038735082573,24886,2644.8937196126494
0,0,0,0,0,0,24.430227908836464,2500,610.7556977209116,10.628038735082573,24886,2644.8937196126494
0,0,0,0,0,0,24.430227908836464,2500,610.7556977209116,10.628038735082573,24886,2644.8937196126494
0,0,0,0,0,0,24.430227908836464,2500,610.7556977209116,10.628038735082573,24886,2644.8937196126494
0,0,0,0,0,0,24.430227908836464,2500,610.7556977209116,10.628038735082573,24886,2644.8937196126494
0,0,0,0,0,0,24.430227908836464,2500,610.7556977209116,10.628038735082573,24886,2644.8937196126494
0,0,0,0,0,0,24.430227908836464,2500,610.7556977209116,10.628038735082573,24886,2644.8937196126494
0,0,0,0,0,0,24.430227908836464,2500,610.7556977209116,10.628038735082573,24886,2644.8937196126494
0,0,0,0,0,0,24.430227908836464,2500,610.7556977209116,10.628038735082573,24886,2644.8937196126494
0,0,0,0,0,0,24.430227908836464,2500,610.7556977209116,10.628038735082573,24886,2644.8937196126494
0,0,0,0,0,0,24.430227908836464,2500,610.7556977209116,10.628038735082573,24886,2644.8937196126494
0,0,0,0,0,0,24.430227908836464,2500,610.7556977209116,10.628038735082573,24886,2644.8937196126494
0,0,0,0,0,0,24.430227908836464,2500,610.7556977209116,10.628038735082573,24886,2644.8937196126494
0,0,0,0,0,0,24.430227908836464,2500,610.7556977209116,10.628038735082573,24886,2644.8937196126494
0,0,0,0,0,0,24.430227908836464,2500,610.7556977209116,10.628038735082573,24886,2644.8937196126494
0,0,0,0,0,0,24.430227908836464,2500,610.7556977209116,10.628038735082573,24886,2644.8937196126494
0,0,0,0,0,0,24.430227908836464,2500,610.7556977209116,10.628038735082573,24886,2644.8937196126494
0,0,0,0,0,0,24.430227908836464,2500,610.7556977209116,10.628038735082573,24886,2644.8937196126494
0,0,0,0,0,0,24.430227908836464,2500,610.7556977209116,10.628038735082573,24886,2644.8937196126494
0,0,0,0,0,0,24.430227908836464,2500,610.7556977209116,10.628038735082573,24886,2644.8937196126494
0,0,0,0,0,0,24.430227908836464,2500,610.7556977209116,10.628038735082573,24886,2644.8937196126494
0,0,0,0,0,0,24.430227908836464,2500,610.7556977209116,10.628038735082573,24886,2644.8937196126494
0,0,0,0,0,0,24.430227908836464,2500,610.7556977209116,10.628038735082573,24886,2644.8937196126494
0,0,0,0,0,0,24.430227908836464,2500,610.7556977209116,10.628038735082573,24886,2644.8937196126494
0,0,0,0,0,0,24.430227908836464,2500,610.7556977209116,10.628038735082573,24886,2644.8937196126494
0,0,0,0,0,0,24.430227908836464,2500,610.7556977209116,10.628038735082573,24886,2644.8937196126494
0,0,0,0,0,0,24.430227908836464,2500,610.7556977209116,10.628038735082573,24886,2644.8937196126494
0,0,0,0,0,0,24.430227908836464,2500,610.7556977209116,10.628038735082573,24886,2644.8937196126494
0,0,0,0,0,0,24.430227908836464,2500,610.7556977209116,10.628038735082573,24886,2644.8937196126494
0,0,0,0,0,0,24.430227908836464,2500,610.7556977209116,10.628038735082573,24886,2644.8937196126494
0,0,0,0,0,0,24.430227908836464,2500,610.7556977209116,10.628038735082573,24886,2644.8937196126494
0,0,0,0,0,0,24.430227908836464,2500,610.7556977209116,10.628038735082573,24886,2644.8937196126494
0,0,0,0,0,0,24.430227908836464,2500,610.7556977209116,10.628038735082573,24886,2644.8937196126494
0,0,0,0,0,0,24.430227908836464,2500,610.7556977209116,10.628038735082573,24886,2644.8937196126494
0,0,0,0,0,0,24.430227908836464,2500,610.7556977209116,10.628038735082573,24886,2644.8937196126494
0,0,0,0,0,0,24.430227908836464,2500,610.7556977209116,10.628038735082573,24886,2644.8937196126494
0,0,0,0,0,0,24.430227908836464,2500,610.7556977209116,10.628038735082573,24886,2644.8937196126494
0,0,0,0,0,0,24.430227908836464,2500,610.7556977209116,10.628038735082573,24886,2644.8937196126494
0,0,0,0,0,0,24.430227908836464,2500,610.7556977209116,10.628038735082573,24886,2644.8937196126494
0,0,0,0,0,0,24.430227908836464,2500,610.7556977209116,10.628038735082573,24886,2644.8937196126494
0,0,0,0,0,0,24.430227908836464,2500,610.7556977209116,10.628038735082573,24886,2644.8937196126494
0,0,0,0,0,0,24.430227908836464,2500,610.7556977209116,10.628038735082573,24886,2644.8937196126494
0,0,0,0,0,0,24.430227908836464,2500,610.7556977209116,10.628038735082573,24886,2644.8937196126494
0,0,0,0,0,0,24.430227908836464,2500,610.7556977209116,10.628038735082573,24886,2644.8937196126494
0,0,0,0,0,0,24.430227908836464,2500,610.7556977209116,10.628038735082573,24886,2644.8937196126494
0,0,0,0,0,0,24.430227908836464,2500,610.7556977209116,10.628038735082573,24886,2644.8937196126494
0,0,0,0,0,0,24.430227908836464,2500,610.7556977209116,10.628038735082573,24886,2644.8937196126494
0,0,0,0,0,0,24.430227908836464,2500,610.7556977209116,10.628038735082573,24886,2644.8937196126494
0,0,0,0,0,0,24.430227908836464,2500,610.7556977209116,10.628038735082573,24886,2644.8937196126494
0,0,0,0,0,0,24.430227908836464,2500,610.7556977209116,10.628038735082573,24886,2644.8937196126494
0,0,0,0,0,0,24.430227908836464,2500,610.7556977209116,10.628038735082573,24886,2644.8937196126494
